time,robot_x,robot_y,robot_theta,intrusion_detected,num_intruders,num_alerts,closest_dist
0.000,1.515,1.500,0.000,False,0,0,
0.050,1.530,1.500,0.000,False,0,0,
0.100,1.545,1.500,0.000,False,0,0,
0.150,1.560,1.500,0.000,False,0,0,
0.200,1.575,1.500,0.000,False,0,0,
0.250,1.590,1.500,0.000,False,0,0,
0.300,1.605,1.500,0.000,False,0,0,
0.350,1.620,1.500,0.000,False,0,0,
0.400,1.635,1.500,0.000,False,0,0,
0.450,1.650,1.500,0.000,False,0,0,
0.500,1.665,1.500,0.000,False,0,0,
0.550,1.680,1.500,0.000,False,0,0,
0.600,1.695,1.500,0.000,False,0,0,
0.650,1.710,1.500,0.000,False,0,0,
0.700,1.725,1.500,0.000,False,0,0,
0.750,1.740,1.500,0.000,False,0,0,
0.800,1.755,1.500,0.000,False,0,0,
0.850,1.770,1.500,0.000,False,0,0,
0.900,1.785,1.500,0.000,False,0,0,
0.950,1.800,1.500,0.000,False,0,0,
1.000,1.815,1.500,0.000,False,0,0,
1.050,1.830,1.500,0.000,False,0,0,
1.100,1.845,1.500,0.000,False,0,0,
1.150,1.860,1.500,0.000,False,0,0,
1.200,1.875,1.500,0.000,False,0,0,
1.250,1.890,1.500,0.000,False,0,0,
1.300,1.905,1.500,0.000,False,0,0,
1.350,1.920,1.500,0.000,False,0,0,
1.400,1.935,1.500,0.000,False,0,0,
1.450,1.950,1.500,0.000,False,0,0,
1.500,1.965,1.500,0.000,False,0,0,
1.550,1.980,1.500,0.000,False,0,0,
1.600,1.995,1.500,0.000,False,0,0,
1.650,2.010,1.500,0.000,False,0,0,
1.700,2.025,1.500,0.000,False,0,0,
1.750,2.040,1.500,0.000,False,0,0,
1.800,2.055,1.500,0.000,False,0,0,
1.850,2.070,1.500,0.000,False,0,0,
1.900,2.085,1.500,0.000,False,0,0,
1.950,2.100,1.500,0.000,False,0,0,
2.000,2.115,1.500,0.000,False,0,0,
2.050,2.130,1.500,0.000,False,0,0,
2.100,2.145,1.500,0.000,False,0,0,
2.150,2.160,1.500,0.000,False,0,0,
2.200,2.175,1.500,0.000,False,0,0,
2.250,2.190,1.500,0.000,False,0,0,
2.300,2.205,1.500,0.000,False,0,0,
2.350,2.220,1.500,0.000,False,0,0,
2.400,2.235,1.500,0.000,False,0,0,
2.450,2.250,1.500,0.000,False,0,0,
2.500,2.265,1.500,0.000,False,0,0,
2.550,2.280,1.500,0.000,False,0,0,
2.600,2.295,1.500,0.000,False,0,0,
2.650,2.310,1.500,0.000,False,0,0,
2.700,2.325,1.500,0.000,False,0,0,
2.750,2.340,1.500,0.000,False,0,0,
2.800,2.355,1.500,0.000,False,0,0,
2.850,2.370,1.500,0.000,False,0,0,
2.900,2.385,1.500,0.000,False,0,0,
2.950,2.400,1.500,0.000,False,0,0,
3.000,2.415,1.500,0.000,False,0,0,
3.050,2.430,1.500,0.000,True,1,1,4.776
3.100,2.445,1.500,0.000,True,1,0,4.764
3.150,2.460,1.500,0.000,True,1,0,4.751
3.200,2.475,1.500,0.000,True,1,0,4.738
3.250,2.490,1.500,0.000,True,1,0,4.725
3.300,2.505,1.500,0.000,True,1,0,4.713
3.350,2.520,1.500,0.000,True,1,0,4.700
3.400,2.535,1.500,0.000,True,1,0,4.687
3.450,2.550,1.500,0.000,True,1,0,4.675
3.500,2.565,1.500,0.000,True,1,0,4.662
3.550,2.580,1.500,0.000,True,1,0,4.649
3.600,2.595,1.500,0.000,True,1,0,4.637
3.650,2.610,1.500,0.000,True,1,0,4.624
3.700,2.625,1.500,0.000,True,1,0,4.611
3.750,2.640,1.500,0.000,True,1,0,4.599
3.800,2.655,1.500,0.000,True,1,0,4.586
3.850,2.670,1.500,0.000,True,1,0,4.574
3.900,2.685,1.500,0.000,True,1,0,4.561
3.950,2.700,1.500,0.000,True,1,0,4.549
4.000,2.715,1.500,0.000,True,1,0,4.536
4.050,2.730,1.500,0.000,True,1,0,4.524
4.100,2.745,1.500,0.000,True,1,0,4.511
4.150,2.760,1.500,0.000,True,1,0,4.499
4.200,2.775,1.500,0.000,True,1,0,4.486
4.250,2.790,1.500,0.000,True,1,0,4.474
4.300,2.805,1.500,0.000,True,1,0,4.461
4.350,2.820,1.500,0.000,True,1,0,4.449
4.400,2.835,1.500,0.000,True,1,0,4.436
4.450,2.850,1.500,0.000,True,1,0,4.424
4.500,2.865,1.500,0.000,True,1,0,4.412
4.550,2.880,1.500,0.000,True,1,0,4.399
4.600,2.895,1.500,0.000,True,1,1,4.387
4.650,2.910,1.500,0.000,True,1,0,4.375
4.700,2.925,1.500,0.000,True,1,0,4.362
4.750,2.940,1.500,0.000,True,1,0,4.350
4.800,2.955,1.500,0.000,True,1,0,4.338
4.850,2.970,1.500,0.000,True,1,0,4.326
4.900,2.985,1.500,0.000,True,1,0,4.313
4.950,3.000,1.500,0.000,True,1,0,4.301
5.000,3.015,1.500,0.000,True,1,0,4.289
5.050,3.030,1.500,0.000,True,1,0,4.277
5.100,3.045,1.500,0.000,True,1,0,4.265
5.150,3.060,1.500,0.000,True,1,0,4.252
5.200,3.075,1.500,0.000,True,1,0,4.240
5.250,3.090,1.500,0.000,True,1,0,4.228
5.300,3.105,1.500,0.000,True,1,0,4.216
5.350,3.120,1.500,0.000,True,1,0,4.204
5.400,3.135,1.500,0.000,True,1,0,4.192
5.450,3.150,1.500,0.000,True,1,0,4.180
5.500,3.165,1.500,0.000,True,1,0,4.168
5.550,3.180,1.500,0.000,True,1,0,4.156
5.600,3.195,1.500,0.000,True,1,0,4.144
5.650,3.210,1.500,0.000,True,1,0,4.132
5.700,3.225,1.500,0.000,True,1,0,4.120
5.750,3.240,1.500,0.000,True,1,0,4.108
5.800,3.255,1.500,0.000,True,1,0,4.096
5.850,3.270,1.500,0.000,True,1,0,4.084
5.900,3.285,1.500,0.000,True,1,0,4.073
5.950,3.300,1.500,0.000,True,1,0,4.061
6.000,3.315,1.500,0.000,True,1,0,4.049
6.050,3.330,1.500,0.000,True,1,0,4.037
6.100,3.345,1.500,0.000,True,1,0,4.025
6.150,3.360,1.500,0.000,True,1,1,4.014
6.200,3.375,1.500,0.000,True,1,0,4.002
6.250,3.390,1.500,0.000,True,1,0,3.990
6.300,3.405,1.500,0.000,True,1,0,3.979
6.350,3.420,1.500,0.000,True,1,0,3.967
6.400,3.435,1.500,0.000,True,1,0,3.955
6.450,3.450,1.500,0.000,True,1,0,3.944
6.500,3.465,1.500,0.000,True,1,0,3.932
6.550,3.480,1.500,0.000,True,1,0,3.921
6.600,3.495,1.500,0.000,True,1,0,3.909
6.650,3.510,1.500,0.000,True,1,0,3.897
6.700,3.525,1.500,0.000,True,1,0,3.886
6.750,3.540,1.500,0.000,True,1,0,3.874
6.800,3.555,1.500,0.000,True,1,0,3.863
6.850,3.570,1.500,0.000,True,1,0,3.852
6.900,3.585,1.500,0.000,True,1,0,3.840
6.950,3.600,1.500,0.000,True,1,0,3.829
7.000,3.615,1.500,0.000,True,1,0,3.817
7.050,3.630,1.500,0.000,True,1,0,3.806
7.100,3.645,1.500,0.000,True,1,0,3.795
7.150,3.660,1.500,0.000,True,1,0,3.784
7.200,3.675,1.500,0.000,True,1,0,3.772
7.250,3.690,1.500,0.000,True,1,0,3.761
7.300,3.705,1.500,0.000,True,1,0,3.750
7.350,3.720,1.500,0.000,True,1,0,3.739
7.400,3.735,1.500,0.000,True,1,0,3.728
7.450,3.750,1.500,0.000,True,1,0,3.717
7.500,3.765,1.500,0.000,True,1,0,3.705
7.550,3.780,1.500,0.000,True,1,0,3.694
7.600,3.795,1.500,0.000,True,1,0,3.683
7.650,3.810,1.500,0.000,True,1,0,3.672
7.700,3.825,1.500,0.000,True,1,1,3.661
7.750,3.840,1.500,0.000,True,1,0,3.650
7.800,3.855,1.500,0.000,True,1,0,3.640
7.850,3.870,1.500,0.000,True,1,0,3.629
7.900,3.885,1.500,0.000,True,1,0,3.618
7.950,3.900,1.500,0.000,True,1,0,3.607
8.000,3.915,1.500,0.000,True,1,0,3.596
8.050,3.930,1.500,0.000,True,1,0,3.585
8.100,3.945,1.500,0.000,True,1,0,3.575
8.150,3.960,1.500,0.000,True,1,0,3.564
8.200,3.975,1.500,0.000,True,1,0,3.553
8.250,3.990,1.500,0.000,True,1,0,3.543
8.300,4.005,1.500,0.000,False,0,0,
8.350,4.020,1.500,0.000,False,0,0,
8.400,4.035,1.500,0.000,False,0,0,
8.450,4.050,1.500,0.000,False,0,0,
8.500,4.065,1.500,0.000,False,0,0,
8.550,4.080,1.500,0.000,False,0,0,
8.600,4.095,1.500,0.000,False,0,0,
8.650,4.110,1.500,0.000,False,0,0,
8.700,4.125,1.500,0.000,False,0,0,
8.750,4.140,1.500,0.000,False,0,0,
8.800,4.155,1.500,0.000,False,0,0,
8.850,4.170,1.500,0.000,False,0,0,
8.900,4.185,1.500,0.000,False,0,0,
8.950,4.200,1.500,0.000,False,0,0,
9.000,4.215,1.500,0.000,False,0,0,
9.050,4.230,1.500,0.000,False,0,0,
9.100,4.245,1.500,0.000,False,0,0,
9.150,4.260,1.500,0.000,False,0,0,
9.200,4.275,1.500,0.000,False,0,0,
9.250,4.290,1.500,0.000,False,0,0,
9.300,4.305,1.500,0.000,False,0,0,
9.350,4.320,1.500,0.000,False,0,0,
9.400,4.335,1.500,0.000,False,0,0,
9.450,4.350,1.500,0.000,False,0,0,
9.500,4.365,1.500,0.000,False,0,0,
9.550,4.380,1.500,0.000,False,0,0,
9.600,4.395,1.500,0.000,False,0,0,
9.650,4.410,1.500,0.000,False,0,0,
9.700,4.425,1.500,0.000,False,0,0,
9.750,4.440,1.500,0.000,False,0,0,
9.800,4.455,1.500,0.000,False,0,0,
9.850,4.470,1.500,0.000,False,0,0,
9.900,4.485,1.500,0.000,False,0,0,
9.950,4.500,1.500,0.000,False,0,0,
10.000,4.515,1.500,0.000,False,0,0,
10.050,4.530,1.500,0.000,False,0,0,
10.100,4.545,1.500,0.000,False,0,0,
10.150,4.560,1.500,0.000,False,0,0,
10.200,4.575,1.500,0.000,False,0,0,
10.250,4.590,1.500,0.000,False,0,0,
10.300,4.605,1.500,0.000,False,0,0,
10.350,4.620,1.500,0.000,False,0,0,
10.400,4.635,1.500,0.000,False,0,0,
10.450,4.650,1.500,0.000,False,0,0,
10.500,4.665,1.500,0.000,False,0,0,
10.550,4.680,1.500,0.000,False,0,0,
10.600,4.695,1.500,0.000,False,0,0,
10.650,4.710,1.500,0.000,False,0,0,
10.700,4.725,1.500,0.000,False,0,0,
10.750,4.740,1.500,0.000,False,0,0,
10.800,4.755,1.500,0.000,False,0,0,
10.850,4.770,1.500,0.000,False,0,0,
10.900,4.785,1.500,0.000,False,0,0,
10.950,4.800,1.500,0.000,False,0,0,
11.000,4.815,1.500,0.000,False,0,0,
11.050,4.830,1.500,0.000,False,0,0,
11.100,4.845,1.500,0.000,False,0,0,
11.150,4.860,1.500,0.000,False,0,0,
11.200,4.875,1.500,0.000,False,0,0,
11.250,4.890,1.500,0.000,False,0,0,
11.300,4.905,1.500,0.000,False,0,0,
11.350,4.920,1.500,0.000,False,0,0,
11.400,4.935,1.500,0.000,False,0,0,
11.450,4.950,1.500,0.000,False,0,0,
11.500,4.965,1.500,0.000,False,0,0,
11.550,4.980,1.500,0.000,False,0,0,
11.600,4.995,1.500,0.000,False,0,0,
11.650,5.010,1.500,0.000,False,0,0,
11.700,5.025,1.500,0.000,False,0,0,
11.750,5.040,1.500,0.000,False,0,0,
11.800,5.055,1.500,0.000,False,0,0,
11.850,5.070,1.500,0.000,False,0,0,
11.900,5.085,1.500,0.000,False,0,0,
11.950,5.100,1.500,0.000,False,0,0,
12.000,5.115,1.500,0.000,False,0,0,
12.050,5.130,1.500,0.000,False,0,0,
12.100,5.145,1.500,0.000,False,0,0,
12.150,5.160,1.500,0.000,False,0,0,
12.200,5.175,1.500,0.000,False,0,0,
12.250,5.190,1.500,0.000,False,0,0,
12.300,5.205,1.500,0.000,False,0,0,
12.350,5.220,1.500,0.000,False,0,0,
12.400,5.235,1.500,0.000,False,0,0,
12.450,5.250,1.500,0.000,False,0,0,
12.500,5.265,1.500,0.000,False,0,0,
12.550,5.280,1.500,0.000,False,0,0,
12.600,5.295,1.500,0.000,False,0,0,
12.650,5.310,1.500,0.000,False,0,0,
12.700,5.325,1.500,0.000,False,0,0,
12.750,5.340,1.500,0.000,False,0,0,
12.800,5.355,1.500,0.000,False,0,0,
12.850,5.370,1.500,0.000,False,0,0,
12.900,5.385,1.500,0.000,False,0,0,
12.950,5.400,1.500,0.000,False,0,0,
13.000,5.415,1.500,0.000,False,0,0,
13.050,5.430,1.500,0.000,False,0,0,
13.100,5.445,1.500,0.000,False,0,0,
13.150,5.460,1.500,0.000,False,0,0,
13.200,5.475,1.500,0.000,False,0,0,
13.250,5.490,1.500,0.000,False,0,0,
13.300,5.505,1.500,0.000,False,0,0,
13.350,5.520,1.500,0.000,False,0,0,
13.400,5.535,1.500,0.000,False,0,0,
13.450,5.550,1.500,0.000,False,0,0,
13.500,5.565,1.500,0.000,False,0,0,
13.550,5.580,1.500,0.000,False,0,0,
13.600,5.595,1.500,0.000,False,0,0,
13.650,5.610,1.500,0.000,False,0,0,
13.700,5.625,1.500,0.000,False,0,0,
13.750,5.640,1.500,0.000,False,0,0,
13.800,5.655,1.500,0.000,False,0,0,
13.850,5.670,1.500,0.000,False,0,0,
13.900,5.685,1.500,0.000,False,0,0,
13.950,5.700,1.500,0.000,False,0,0,
14.000,5.715,1.500,0.000,False,0,0,
14.050,5.730,1.500,0.000,False,0,0,
14.100,5.745,1.500,0.000,False,0,0,
14.150,5.760,1.500,0.000,False,0,0,
14.200,5.775,1.500,0.000,False,0,0,
14.250,5.790,1.500,0.000,False,0,0,
14.300,5.805,1.500,0.000,False,0,0,
14.350,5.820,1.500,0.000,False,0,0,
14.400,5.835,1.500,0.000,False,0,0,
14.450,5.850,1.500,0.000,False,0,0,
14.500,5.865,1.500,0.000,False,0,0,
14.550,5.880,1.500,0.000,False,0,0,
14.600,5.895,1.500,0.000,False,0,0,
14.650,5.910,1.500,0.000,False,0,0,
14.700,5.925,1.500,0.000,False,0,0,
14.750,5.940,1.500,0.000,False,0,0,
14.800,5.955,1.500,0.000,False,0,0,
14.850,5.970,1.500,0.000,False,0,0,
14.900,5.985,1.500,0.000,False,0,0,
14.950,6.000,1.500,0.000,False,0,0,
15.000,6.015,1.500,0.000,False,0,0,
15.050,6.030,1.500,0.000,False,0,0,
15.100,6.045,1.500,0.000,False,0,0,
15.150,6.060,1.500,0.000,False,0,0,
15.200,6.075,1.500,0.000,False,0,0,
15.250,6.090,1.500,0.000,False,0,0,
15.300,6.105,1.500,0.000,False,0,0,
15.350,6.120,1.500,0.000,False,0,0,
15.400,6.135,1.500,0.000,False,0,0,
15.450,6.150,1.500,0.000,False,0,0,
15.500,6.165,1.500,0.000,False,0,0,
15.550,6.180,1.500,0.000,False,0,0,
15.600,6.195,1.500,0.000,False,0,0,
15.650,6.210,1.500,0.000,False,0,0,
15.700,6.225,1.500,0.000,False,0,0,
15.750,6.240,1.500,0.000,False,0,0,
15.800,6.255,1.500,0.000,False,0,0,
15.850,6.270,1.500,0.000,False,0,0,
15.900,6.285,1.500,0.000,False,0,0,
15.950,6.300,1.500,0.000,False,0,0,
16.000,6.315,1.500,0.000,False,0,0,
16.050,6.330,1.500,0.000,False,0,0,
16.100,6.345,1.500,0.000,False,0,0,
16.150,6.360,1.500,0.000,False,0,0,
16.200,6.375,1.500,0.000,False,0,0,
16.250,6.390,1.500,0.000,False,0,0,
16.300,6.405,1.500,0.000,False,0,0,
16.350,6.420,1.500,0.000,False,0,0,
16.400,6.435,1.500,0.000,False,0,0,
16.450,6.450,1.500,0.000,False,0,0,
16.500,6.465,1.500,0.000,False,0,0,
16.550,6.480,1.500,0.000,False,0,0,
16.600,6.495,1.500,0.000,False,0,0,
16.650,6.510,1.500,0.000,False,0,0,
16.700,6.525,1.500,0.000,False,0,0,
16.750,6.540,1.500,0.000,False,0,0,
16.800,6.555,1.500,0.000,False,0,0,
16.850,6.570,1.500,0.000,False,0,0,
16.900,6.585,1.500,0.000,False,0,0,
16.950,6.600,1.500,0.000,False,0,0,
17.000,6.615,1.500,0.000,False,0,0,
17.050,6.630,1.500,0.000,False,0,0,
17.100,6.645,1.500,0.000,False,0,0,
17.150,6.660,1.500,0.000,False,0,0,
17.200,6.675,1.500,0.000,False,0,0,
17.250,6.690,1.500,0.000,False,0,0,
17.300,6.705,1.500,0.000,False,0,0,
17.350,6.720,1.500,0.000,False,0,0,
17.400,6.735,1.500,0.000,False,0,0,
17.450,6.750,1.500,0.000,False,0,0,
17.500,6.765,1.500,0.000,False,0,0,
17.550,6.780,1.500,0.000,False,0,0,
17.600,6.795,1.500,0.000,False,0,0,
17.650,6.810,1.500,0.000,False,0,0,
17.700,6.825,1.500,0.000,False,0,0,
17.750,6.840,1.500,0.000,False,0,0,
17.800,6.855,1.500,0.000,False,0,0,
17.850,6.870,1.500,0.000,False,0,0,
17.900,6.885,1.500,0.000,False,0,0,
17.950,6.900,1.500,0.000,False,0,0,
18.000,6.915,1.500,0.000,False,0,0,
18.050,6.930,1.500,0.000,False,0,0,
18.100,6.945,1.500,0.000,False,0,0,
18.150,6.960,1.500,0.000,False,0,0,
18.200,6.975,1.500,0.000,False,0,0,
18.250,6.990,1.500,0.000,False,0,0,
18.300,7.005,1.500,0.000,False,0,0,
18.350,7.020,1.500,0.000,False,0,0,
18.400,7.035,1.500,0.000,False,0,0,
18.450,7.050,1.500,0.000,False,0,0,
18.500,7.065,1.500,0.000,False,0,0,
18.550,7.080,1.500,0.000,False,0,0,
18.600,7.095,1.500,0.000,False,0,0,
18.650,7.110,1.500,0.000,False,0,0,
18.700,7.125,1.500,0.000,False,0,0,
18.750,7.140,1.500,0.000,False,0,0,
18.800,7.155,1.500,0.000,False,0,0,
18.850,7.170,1.500,0.000,False,0,0,
18.900,7.185,1.500,0.000,False,0,0,
18.950,7.200,1.500,0.000,False,0,0,
19.000,7.215,1.500,0.000,False,0,0,
19.050,7.230,1.500,0.000,False,0,0,
19.100,7.245,1.500,0.000,False,0,0,
19.150,7.260,1.500,0.000,False,0,0,
19.200,7.275,1.500,0.000,False,0,0,
19.250,7.290,1.500,0.000,False,0,0,
19.300,7.305,1.500,0.000,False,0,0,
19.350,7.320,1.500,0.000,False,0,0,
19.400,7.335,1.500,0.000,False,0,0,
19.450,7.350,1.500,0.000,False,0,0,
19.500,7.365,1.500,0.000,False,0,0,
19.550,7.380,1.500,0.000,False,0,0,
19.600,7.395,1.500,0.000,False,0,0,
19.650,7.410,1.500,0.000,False,0,0,
19.700,7.425,1.500,0.000,False,0,0,
19.750,7.440,1.500,0.000,False,0,0,
19.800,7.455,1.500,0.000,False,0,0,
19.850,7.470,1.500,0.000,False,0,0,
19.900,7.485,1.500,0.000,False,0,0,
19.950,7.500,1.500,0.000,False,0,0,
20.000,7.515,1.500,0.000,False,0,0,
20.050,7.530,1.500,0.000,False,0,0,
20.100,7.545,1.500,0.000,False,0,0,
20.150,7.560,1.500,0.000,False,0,0,
20.200,7.575,1.500,0.000,False,0,0,
20.250,7.590,1.500,0.000,False,0,0,
20.300,7.605,1.500,0.000,False,0,0,
20.350,7.620,1.500,0.000,False,0,0,
20.400,7.635,1.500,0.000,False,0,0,
20.450,7.650,1.500,0.000,False,0,0,
20.500,7.665,1.500,0.000,False,0,0,
20.550,7.680,1.500,0.000,False,0,0,
20.600,7.695,1.500,0.000,False,0,0,
20.650,7.710,1.500,0.000,False,0,0,
20.700,7.725,1.500,0.000,False,0,0,
20.750,7.740,1.500,0.000,False,0,0,
20.800,7.755,1.500,0.000,False,0,0,
20.850,7.770,1.500,0.000,False,0,0,
20.900,7.785,1.500,0.000,False,0,0,
20.950,7.800,1.500,0.000,False,0,0,
21.000,7.815,1.500,0.000,False,0,0,
21.050,7.830,1.500,0.000,False,0,0,
21.100,7.845,1.500,0.000,False,0,0,
21.150,7.860,1.500,0.000,False,0,0,
21.200,7.875,1.500,0.000,False,0,0,
21.250,7.890,1.500,0.000,False,0,0,
21.300,7.905,1.500,0.000,False,0,0,
21.350,7.920,1.500,0.000,False,0,0,
21.400,7.935,1.500,0.000,False,0,0,
21.450,7.950,1.500,0.000,True,1,1,2.890
21.500,7.965,1.500,0.000,True,1,0,2.898
21.550,7.980,1.500,0.000,True,1,0,2.905
21.600,7.995,1.500,0.000,True,1,0,2.913
21.650,8.010,1.500,0.000,True,1,0,2.921
21.700,8.025,1.500,0.000,True,1,0,2.928
21.750,8.040,1.500,0.000,True,1,0,2.936
21.800,8.055,1.500,0.000,True,1,0,2.944
21.850,8.070,1.500,0.000,True,1,0,2.952
21.900,8.085,1.500,0.000,True,1,0,2.960
21.950,8.100,1.500,0.000,True,1,0,2.968
22.000,8.115,1.500,0.000,True,1,0,2.976
22.050,8.130,1.500,0.000,True,1,0,2.984
22.100,8.145,1.500,0.000,True,1,0,2.993
22.150,8.160,1.500,0.000,True,1,0,3.001
22.200,8.175,1.500,0.000,True,1,0,3.009
22.250,8.190,1.500,0.000,True,1,0,3.018
22.300,8.205,1.500,0.000,True,1,0,3.026
22.350,8.220,1.500,0.000,True,1,0,3.035
22.400,8.235,1.500,0.000,True,1,0,3.043
22.450,8.250,1.500,0.000,True,1,0,3.052
22.500,8.265,1.500,0.000,True,1,0,3.060
22.550,8.280,1.500,0.000,True,1,0,3.069
22.600,8.295,1.500,0.000,True,1,0,3.078
22.650,8.310,1.500,0.000,True,1,0,3.086
22.700,8.325,1.500,0.000,True,1,0,3.095
22.750,8.340,1.500,0.000,True,1,0,3.104
22.800,8.355,1.500,0.000,True,1,0,3.113
22.850,8.370,1.500,0.000,True,1,0,3.122
22.900,8.385,1.500,0.000,True,1,0,3.131
22.950,8.400,1.500,0.000,True,1,1,3.140
23.000,8.415,1.500,0.000,True,1,0,3.149
23.050,8.430,1.500,0.000,True,1,0,3.158
23.100,8.445,1.500,0.000,True,1,0,3.167
23.150,8.460,1.500,0.000,True,1,0,3.177
23.200,8.475,1.500,0.000,True,1,0,3.186
23.250,8.490,1.500,0.000,True,1,0,3.195
23.300,8.505,1.500,0.000,True,1,0,3.205
23.350,8.520,1.500,0.000,True,1,0,3.214
23.400,8.535,1.500,0.000,True,1,0,3.224
23.450,8.550,1.500,0.000,True,1,0,3.233
23.500,8.565,1.500,0.000,True,1,0,3.243
23.550,8.580,1.500,0.000,True,1,0,3.252
23.600,8.595,1.500,0.000,True,1,0,3.262
23.650,8.610,1.500,0.000,True,1,0,3.271
23.700,8.625,1.500,0.000,True,1,0,3.281
23.750,8.640,1.500,0.000,True,1,0,3.291
23.800,8.655,1.500,0.000,True,1,0,3.301
23.850,8.670,1.500,0.000,True,1,0,3.310
23.900,8.685,1.500,0.000,True,1,0,3.320
23.950,8.700,1.500,0.000,True,1,0,3.330
24.000,8.715,1.500,0.000,True,1,0,3.340
24.050,8.730,1.500,0.000,True,1,0,3.350
24.100,8.745,1.500,0.000,True,1,0,3.360
24.150,8.760,1.500,0.000,True,1,0,3.370
24.200,8.775,1.500,0.000,True,1,0,3.380
24.250,8.790,1.500,0.000,True,1,0,3.390
24.300,8.805,1.500,0.000,True,1,0,3.400
24.350,8.820,1.500,0.000,True,1,0,3.411
24.400,8.835,1.500,0.000,True,1,0,3.421
24.450,8.850,1.500,0.000,True,1,1,3.431
24.500,8.865,1.500,0.000,True,1,0,3.441
24.550,8.880,1.500,0.000,True,1,0,3.452
24.600,8.895,1.500,0.000,True,1,0,3.462
24.650,8.910,1.500,0.000,True,1,0,3.472
24.700,8.925,1.500,0.000,True,1,0,3.483
24.750,8.940,1.500,0.000,True,1,0,3.493
24.800,8.955,1.500,0.000,True,1,0,3.504
24.850,8.970,1.500,0.000,True,1,0,3.514
24.900,8.985,1.500,0.000,True,1,0,3.525
24.950,9.000,1.500,0.000,True,1,0,3.536
25.000,9.015,1.500,0.000,True,1,0,3.546
25.050,9.030,1.500,0.000,True,1,0,3.557
25.100,9.045,1.500,0.000,True,1,0,3.567
25.150,9.060,1.500,0.000,True,1,0,3.578
25.200,9.075,1.500,0.000,True,1,0,3.589
25.250,9.090,1.500,0.000,True,1,0,3.600
25.300,9.105,1.500,0.000,True,1,0,3.611
25.350,9.120,1.500,0.000,True,1,0,3.621
25.400,9.135,1.500,0.000,True,1,0,3.632
25.450,9.150,1.500,0.000,True,1,0,3.643
25.500,9.165,1.500,0.000,True,1,0,3.654
25.550,9.180,1.500,0.000,True,1,0,3.665
25.600,9.195,1.500,0.000,True,1,0,3.676
25.650,9.210,1.500,0.000,True,1,0,3.687
25.700,9.225,1.500,0.000,True,1,0,3.698
25.750,9.240,1.500,0.000,True,1,0,3.709
25.800,9.255,1.500,0.000,True,1,0,3.720
25.850,9.270,1.500,0.000,True,1,0,3.731
25.900,9.285,1.500,0.000,True,1,0,3.742
25.950,9.300,1.500,0.000,True,1,1,3.754
26.000,9.315,1.500,0.000,True,1,0,3.765
26.050,9.330,1.500,0.000,True,1,0,3.776
26.100,9.345,1.500,0.000,True,1,0,3.787
26.150,9.360,1.500,0.000,True,1,0,3.799
26.200,9.375,1.500,0.000,True,1,0,3.810
26.250,9.390,1.500,0.000,True,1,0,3.821
26.300,9.405,1.500,0.000,True,1,0,3.833
26.350,9.420,1.500,0.000,True,1,0,3.844
26.400,9.435,1.500,0.000,True,1,0,3.855
26.450,9.450,1.500,0.000,True,1,0,3.867
26.500,9.465,1.500,0.000,True,1,0,3.878
26.550,9.480,1.500,0.000,True,1,0,3.890
26.600,9.495,1.500,0.000,True,1,0,3.901
26.650,9.510,1.500,0.000,True,1,0,3.913
26.700,9.525,1.500,0.000,True,1,0,3.924
26.750,9.540,1.500,0.000,True,1,0,3.936
26.800,9.555,1.500,0.000,True,1,0,3.948
26.850,9.570,1.500,0.000,True,1,0,3.959
26.900,9.585,1.500,0.000,True,1,0,3.971
26.950,9.600,1.500,0.000,True,1,0,3.982
27.000,9.615,1.500,0.000,True,1,0,3.994
27.050,9.630,1.500,0.000,True,1,0,4.006
27.100,9.645,1.500,0.000,True,1,0,4.018
27.150,9.660,1.500,0.000,True,1,0,4.029
27.200,9.675,1.500,0.000,True,1,0,4.041
27.250,9.690,1.500,0.000,True,1,0,4.053
27.300,9.705,1.500,0.000,True,1,0,4.065
27.350,9.720,1.500,0.000,True,1,0,4.077
27.400,9.735,1.500,0.000,True,1,0,4.088
27.450,9.750,1.500,0.000,True,1,1,4.100
27.500,9.765,1.500,0.000,True,1,0,4.112
27.550,9.780,1.500,0.000,True,1,0,4.124
27.600,9.795,1.500,0.000,True,1,0,4.136
27.650,9.810,1.500,0.000,True,1,0,4.148
27.700,9.825,1.500,0.000,True,1,0,4.160
27.750,9.840,1.500,0.000,True,1,0,4.172
27.800,9.855,1.500,0.000,True,1,0,4.184
27.850,9.870,1.500,0.000,True,1,0,4.196
27.900,9.885,1.500,0.000,True,1,0,4.208
27.950,9.900,1.500,0.000,True,1,0,4.220
28.000,9.915,1.500,0.000,True,1,0,4.232
28.050,9.930,1.500,0.000,True,1,0,4.244
28.100,9.945,1.500,0.000,True,1,0,4.257
28.150,9.960,1.500,0.000,True,1,0,4.269
28.200,9.975,1.500,0.000,True,1,0,4.281
28.250,9.990,1.500,0.000,True,1,0,4.293
28.300,10.005,1.500,0.000,True,1,0,4.305
28.350,10.020,1.500,0.000,True,1,0,4.317
28.400,10.035,1.500,0.000,True,1,0,4.330
28.450,10.050,1.500,0.000,True,1,0,4.342
28.500,10.065,1.500,0.000,True,1,0,4.354
28.550,10.080,1.500,0.000,True,1,0,4.367
28.600,10.095,1.500,0.000,True,1,0,4.379
28.650,10.110,1.500,0.000,True,1,0,4.391
28.700,10.125,1.500,0.000,True,1,0,4.403
28.750,10.140,1.500,0.000,True,1,0,4.416
28.800,10.155,1.500,0.000,True,1,0,4.428
28.850,10.170,1.500,0.000,True,1,0,4.441
28.900,10.185,1.500,0.000,True,1,0,4.453
28.950,10.200,1.500,0.000,True,1,1,4.465
29.000,10.215,1.500,0.000,True,1,0,4.478
29.050,10.230,1.500,0.000,True,1,0,4.490
29.100,10.245,1.500,0.000,True,1,0,4.503
29.150,10.260,1.500,0.000,True,1,0,4.515
29.200,10.275,1.500,0.000,True,1,0,4.528
29.250,10.290,1.500,0.000,True,1,0,4.540
29.300,10.305,1.500,0.000,True,1,0,4.553
29.350,10.320,1.500,0.000,True,1,0,4.565
29.400,10.335,1.500,0.000,True,1,0,4.578
29.450,10.350,1.500,0.000,True,1,0,4.590
29.500,10.365,1.500,0.000,True,1,0,4.603
29.550,10.380,1.500,0.000,True,1,0,4.616
29.600,10.395,1.500,0.000,True,1,0,4.628
29.650,10.410,1.500,0.000,True,1,0,4.641
29.700,10.425,1.500,0.000,True,1,0,4.654
29.750,10.440,1.500,0.000,True,1,0,4.666
29.800,10.455,1.500,0.000,True,1,0,4.679
29.850,10.470,1.500,0.000,True,1,0,4.692
29.900,10.485,1.500,0.000,True,1,0,4.704
29.950,10.500,1.500,0.000,True,1,0,4.717
30.000,10.515,1.500,0.000,True,1,0,4.730
30.050,10.530,1.500,0.000,True,1,0,4.742
30.100,10.545,1.500,0.000,True,1,0,4.755
30.150,10.560,1.500,0.000,True,1,0,4.768
30.200,10.575,1.500,0.000,True,1,0,4.781
30.250,10.590,1.500,0.000,True,1,0,4.794
30.300,10.605,1.500,0.000,True,1,0,4.806
30.350,10.620,1.500,0.000,True,1,0,4.819
30.400,10.635,1.500,0.000,True,1,0,4.832
30.450,10.650,1.500,0.000,True,1,1,4.845
30.500,10.665,1.500,0.000,True,1,0,4.858
30.550,10.680,1.500,0.000,True,1,0,4.871
30.600,10.695,1.500,0.000,True,1,0,4.883
30.650,10.710,1.500,0.000,True,1,0,4.896
30.700,10.725,1.500,0.000,True,1,0,4.909
30.750,10.740,1.500,0.000,True,1,0,4.922
30.800,10.755,1.500,0.000,True,1,0,4.935
30.850,10.770,1.500,0.000,True,1,0,4.948
30.900,10.785,1.500,0.000,True,1,0,4.961
30.950,10.800,1.500,0.000,True,1,0,4.974
31.000,10.815,1.500,0.000,True,1,0,4.987
31.050,10.830,1.500,0.000,True,1,0,5.000
31.100,10.845,1.500,0.000,False,0,0,
31.150,10.860,1.500,0.000,False,0,0,
31.200,10.875,1.500,0.000,False,0,0,
31.250,10.890,1.500,0.000,False,0,0,
31.300,10.905,1.500,0.000,False,0,0,
31.350,10.920,1.500,0.000,False,0,0,
31.400,10.935,1.500,0.000,False,0,0,
31.450,10.950,1.500,0.000,False,0,0,
31.500,10.965,1.500,0.000,False,0,0,
31.550,10.980,1.500,0.000,False,0,0,
31.600,10.995,1.500,0.000,False,0,0,
31.650,11.010,1.500,0.000,False,0,0,
31.700,11.025,1.500,0.000,False,0,0,
31.750,11.040,1.500,0.000,False,0,0,
31.800,11.055,1.500,0.000,False,0,0,
31.850,11.070,1.500,0.000,False,0,0,
31.900,11.085,1.500,0.000,False,0,0,
31.950,11.100,1.500,0.000,False,0,0,
32.000,11.115,1.500,0.000,False,0,0,
32.050,11.130,1.500,0.000,False,0,0,
32.100,11.145,1.500,0.000,False,0,0,
32.150,11.160,1.500,0.000,False,0,0,
32.200,11.175,1.500,0.000,False,0,0,
32.250,11.190,1.500,0.000,False,0,0,
32.300,11.205,1.500,0.000,False,0,0,
32.350,11.220,1.500,0.000,False,0,0,
32.400,11.235,1.500,0.000,False,0,0,
32.450,11.250,1.500,0.000,False,0,0,
32.500,11.265,1.500,0.000,False,0,0,
32.550,11.280,1.500,0.000,False,0,0,
32.600,11.295,1.500,0.000,False,0,0,
32.650,11.310,1.500,0.000,False,0,0,
32.700,11.325,1.500,0.000,False,0,0,
32.750,11.340,1.500,0.000,False,0,0,
32.800,11.355,1.500,0.000,False,0,0,
32.850,11.370,1.500,0.000,False,0,0,
32.900,11.385,1.500,0.000,False,0,0,
32.950,11.400,1.500,0.000,False,0,0,
33.000,11.415,1.500,0.000,False,0,0,
33.050,11.430,1.500,0.000,False,0,0,
33.100,11.445,1.500,0.000,False,0,0,
33.150,11.460,1.500,0.000,False,0,0,
33.200,11.475,1.500,0.000,False,0,0,
33.250,11.490,1.500,0.000,False,0,0,
33.300,11.505,1.500,0.000,False,0,0,
33.350,11.520,1.500,0.000,False,0,0,
33.400,11.535,1.500,0.000,False,0,0,
33.450,11.550,1.500,0.000,False,0,0,
33.500,11.565,1.500,0.000,False,0,0,
33.550,11.580,1.500,0.000,False,0,0,
33.600,11.595,1.500,0.000,False,0,0,
33.650,11.610,1.500,0.000,False,0,0,
33.700,11.625,1.500,0.000,False,0,0,
33.750,11.640,1.500,0.000,False,0,0,
33.800,11.655,1.500,0.000,False,0,0,
33.850,11.670,1.500,0.000,False,0,0,
33.900,11.685,1.500,0.000,False,0,0,
33.950,11.700,1.500,0.000,False,0,0,
34.000,11.715,1.500,0.000,False,0,0,
34.050,11.730,1.500,0.000,False,0,0,
34.100,11.745,1.500,0.000,False,0,0,
34.150,11.760,1.500,0.000,False,0,0,
34.200,11.775,1.500,0.000,False,0,0,
34.250,11.790,1.500,0.000,False,0,0,
34.300,11.805,1.500,0.000,False,0,0,
34.350,11.820,1.500,0.000,False,0,0,
34.400,11.835,1.500,0.000,False,0,0,
34.450,11.850,1.500,0.000,False,0,0,
34.500,11.865,1.500,0.000,False,0,0,
34.550,11.880,1.500,0.000,False,0,0,
34.600,11.895,1.500,0.000,False,0,0,
34.650,11.910,1.500,0.000,False,0,0,
34.700,11.925,1.500,0.000,False,0,0,
34.750,11.940,1.500,0.000,False,0,0,
34.800,11.955,1.500,0.000,False,0,0,
34.850,11.970,1.500,0.000,False,0,0,
34.900,11.985,1.500,0.000,False,0,0,
34.950,12.000,1.500,0.000,False,0,0,
35.000,12.015,1.500,0.000,False,0,0,
35.050,12.030,1.500,0.000,False,0,0,
35.100,12.045,1.500,0.000,False,0,0,
35.150,12.060,1.500,0.000,False,0,0,
35.200,12.075,1.500,0.000,False,0,0,
35.250,12.090,1.500,0.000,False,0,0,
35.300,12.105,1.500,0.000,False,0,0,
35.350,12.120,1.500,0.000,False,0,0,
35.400,12.135,1.500,0.000,False,0,0,
35.450,12.150,1.500,0.000,False,0,0,
35.500,12.165,1.500,0.000,False,0,0,
35.550,12.180,1.500,0.000,False,0,0,
35.600,12.195,1.500,0.000,False,0,0,
35.650,12.210,1.500,0.000,False,0,0,
35.700,12.225,1.500,0.000,False,0,0,
35.750,12.240,1.500,0.000,False,0,0,
35.800,12.255,1.500,0.000,False,0,0,
35.850,12.270,1.500,0.000,False,0,0,
35.900,12.285,1.500,0.000,False,0,0,
35.950,12.300,1.500,0.000,False,0,0,
36.000,12.315,1.500,0.000,False,0,0,
36.050,12.330,1.500,0.000,False,0,0,
36.100,12.345,1.500,0.000,False,0,0,
36.150,12.360,1.500,0.000,False,0,0,
36.200,12.375,1.500,0.000,False,0,0,
36.250,12.390,1.500,0.000,False,0,0,
36.300,12.405,1.500,0.000,False,0,0,
36.350,12.420,1.500,0.000,False,0,0,
36.400,12.435,1.500,0.000,False,0,0,
36.450,12.450,1.500,0.000,False,0,0,
36.500,12.465,1.500,0.000,False,0,0,
36.550,12.480,1.500,0.000,False,0,0,
36.600,12.495,1.500,0.000,False,0,0,
36.650,12.510,1.500,0.000,False,0,0,
36.700,12.525,1.500,0.000,False,0,0,
36.750,12.540,1.500,0.000,False,0,0,
36.800,12.555,1.500,0.000,False,0,0,
36.850,12.570,1.500,0.000,False,0,0,
36.900,12.585,1.500,0.000,False,0,0,
36.950,12.600,1.500,0.000,False,0,0,
37.000,12.615,1.500,0.000,False,0,0,
37.050,12.630,1.500,0.000,False,0,0,
37.100,12.645,1.500,0.000,False,0,0,
37.150,12.660,1.500,0.000,False,0,0,
37.200,12.675,1.500,0.000,False,0,0,
37.250,12.690,1.500,0.000,False,0,0,
37.300,12.705,1.500,0.000,False,0,0,
37.350,12.706,1.515,1.525,False,0,0,
37.400,12.706,1.530,1.525,False,0,0,
37.450,12.707,1.545,1.525,False,0,0,
37.500,12.708,1.560,1.525,False,0,0,
37.550,12.708,1.575,1.525,False,0,0,
37.600,12.709,1.590,1.525,False,0,0,
37.650,12.710,1.605,1.525,False,0,0,
37.700,12.710,1.620,1.525,False,0,0,
37.750,12.711,1.635,1.525,False,0,0,
37.800,12.712,1.650,1.525,False,0,0,
37.850,12.712,1.665,1.525,False,0,0,
37.900,12.713,1.680,1.525,False,0,0,
37.950,12.714,1.695,1.525,False,0,0,
38.000,12.715,1.710,1.525,False,0,0,
38.050,12.715,1.725,1.525,False,0,0,
38.100,12.716,1.740,1.525,False,0,0,
38.150,12.717,1.755,1.525,False,0,0,
38.200,12.717,1.770,1.525,False,0,0,
38.250,12.718,1.785,1.525,False,0,0,
38.300,12.719,1.800,1.525,False,0,0,
38.350,12.719,1.815,1.525,False,0,0,
38.400,12.720,1.830,1.525,False,0,0,
38.450,12.721,1.845,1.525,False,0,0,
38.500,12.721,1.860,1.525,False,0,0,
38.550,12.722,1.875,1.525,False,0,0,
38.600,12.723,1.890,1.525,False,0,0,
38.650,12.723,1.905,1.525,False,0,0,
38.700,12.724,1.920,1.525,False,0,0,
38.750,12.725,1.935,1.525,False,0,0,
38.800,12.725,1.950,1.525,False,0,0,
38.850,12.726,1.965,1.525,False,0,0,
38.900,12.727,1.980,1.525,False,0,0,
38.950,12.727,1.994,1.525,False,0,0,
39.000,12.728,2.009,1.525,False,0,0,
39.050,12.729,2.024,1.525,False,0,0,
39.100,12.729,2.039,1.525,False,0,0,
39.150,12.730,2.054,1.525,False,0,0,
39.200,12.731,2.069,1.525,False,0,0,
39.250,12.732,2.084,1.525,False,0,0,
39.300,12.732,2.099,1.525,False,0,0,
39.350,12.733,2.114,1.525,False,0,0,
39.400,12.734,2.129,1.525,False,0,0,
39.450,12.734,2.144,1.525,False,0,0,
39.500,12.735,2.159,1.525,False,0,0,
39.550,12.736,2.174,1.525,False,0,0,
39.600,12.736,2.189,1.525,False,0,0,
39.650,12.737,2.204,1.525,False,0,0,
39.700,12.738,2.219,1.525,False,0,0,
39.750,12.738,2.234,1.525,False,0,0,
39.800,12.739,2.249,1.525,False,0,0,
39.850,12.740,2.264,1.525,False,0,0,
39.900,12.740,2.279,1.525,False,0,0,
39.950,12.741,2.294,1.525,False,0,0,
40.000,12.742,2.309,1.525,False,0,0,
40.050,12.742,2.324,1.525,False,0,0,
40.100,12.743,2.339,1.525,False,0,0,
40.150,12.744,2.354,1.525,False,0,0,
40.200,12.744,2.369,1.525,False,0,0,
40.250,12.745,2.384,1.525,False,0,0,
40.300,12.746,2.399,1.525,False,0,0,
40.350,12.746,2.414,1.525,False,0,0,
40.400,12.747,2.429,1.525,False,0,0,
40.450,12.748,2.444,1.525,False,0,0,
40.500,12.749,2.459,1.525,False,0,0,
40.550,12.749,2.474,1.525,False,0,0,
40.600,12.750,2.489,1.525,False,0,0,
40.650,12.751,2.504,1.525,False,0,0,
40.700,12.751,2.519,1.525,False,0,0,
40.750,12.752,2.534,1.525,False,0,0,
40.800,12.753,2.549,1.525,False,0,0,
40.850,12.753,2.564,1.525,False,0,0,
40.900,12.754,2.579,1.525,False,0,0,
40.950,12.755,2.594,1.525,False,0,0,
41.000,12.755,2.609,1.525,False,0,0,
41.050,12.756,2.624,1.525,False,0,0,
41.100,12.757,2.639,1.525,False,0,0,
41.150,12.757,2.654,1.525,False,0,0,
41.200,12.758,2.669,1.525,False,0,0,
41.250,12.759,2.684,1.525,False,0,0,
41.300,12.759,2.699,1.525,False,0,0,
41.350,12.760,2.714,1.525,False,0,0,
41.400,12.761,2.729,1.525,False,0,0,
41.450,12.761,2.744,1.525,False,0,0,
41.500,12.762,2.759,1.525,False,0,0,
41.550,12.763,2.774,1.525,False,0,0,
41.600,12.763,2.789,1.525,False,0,0,
41.650,12.764,2.804,1.525,False,0,0,
41.700,12.765,2.819,1.525,False,0,0,
41.750,12.766,2.834,1.525,True,1,1,4.989
41.800,12.766,2.849,1.525,True,1,0,4.975
41.850,12.767,2.864,1.525,True,1,0,4.962
41.900,12.768,2.879,1.525,True,1,0,4.948
41.950,12.768,2.894,1.525,True,1,0,4.934
42.000,12.769,2.909,1.525,True,1,0,4.920
42.050,12.770,2.924,1.525,True,1,0,4.907
42.100,12.770,2.939,1.525,True,1,0,4.893
42.150,12.771,2.954,1.525,True,1,0,4.879
42.200,12.772,2.968,1.525,True,1,0,4.866
42.250,12.772,2.983,1.525,True,1,0,4.852
42.300,12.773,2.998,1.525,True,1,0,4.838
42.350,12.774,3.013,1.525,True,1,0,4.824
42.400,12.774,3.028,1.525,True,1,0,4.811
42.450,12.775,3.043,1.525,True,1,0,4.797
42.500,12.776,3.058,1.525,True,1,0,4.783
42.550,12.776,3.073,1.525,True,1,0,4.770
42.600,12.777,3.088,1.525,True,1,0,4.756
42.650,12.778,3.103,1.525,True,1,0,4.742
42.700,12.778,3.118,1.525,True,1,0,4.729
42.750,12.779,3.133,1.525,True,1,0,4.715
42.800,12.780,3.148,1.525,True,1,0,4.702
42.850,12.780,3.163,1.525,True,1,0,4.688
42.900,12.781,3.178,1.525,True,1,0,4.674
42.950,12.782,3.193,1.525,True,1,0,4.661
43.000,12.783,3.208,1.525,True,1,0,4.647
43.050,12.783,3.223,1.525,True,1,0,4.634
43.100,12.784,3.238,1.525,True,1,0,4.620
43.150,12.785,3.253,1.525,True,1,0,4.607
43.200,12.785,3.268,1.525,True,1,0,4.593
43.250,12.786,3.283,1.525,True,1,0,4.579
43.300,12.787,3.298,1.525,True,1,1,4.566
43.350,12.787,3.313,1.525,True,1,0,4.552
43.400,12.788,3.328,1.525,True,1,0,4.539
43.450,12.789,3.343,1.525,True,1,0,4.525
43.500,12.789,3.358,1.525,True,1,0,4.512
43.550,12.790,3.373,1.525,True,1,0,4.498
43.600,12.791,3.388,1.525,True,1,0,4.485
43.650,12.791,3.403,1.525,True,1,0,4.471
43.700,12.792,3.418,1.525,True,1,0,4.458
43.750,12.793,3.433,1.525,True,1,0,4.445
43.800,12.793,3.448,1.525,True,1,0,4.431
43.850,12.794,3.463,1.525,True,1,0,4.418
43.900,12.795,3.478,1.525,True,1,0,4.404
43.950,12.795,3.493,1.525,True,1,0,4.391
44.000,12.796,3.508,1.525,True,1,0,4.378
44.050,12.797,3.523,1.525,True,1,0,4.364
44.100,12.797,3.538,1.525,True,1,0,4.351
44.150,12.798,3.553,1.525,True,1,0,4.337
44.200,12.799,3.568,1.525,True,1,0,4.324
44.250,12.800,3.583,1.525,True,1,0,4.311
44.300,12.800,3.598,1.525,True,1,0,4.297
44.350,12.801,3.613,1.525,True,1,0,4.284
44.400,12.802,3.628,1.525,True,1,0,4.271
44.450,12.802,3.643,1.525,True,1,0,4.257
44.500,12.803,3.658,1.525,True,1,0,4.244
44.550,12.804,3.673,1.525,True,1,0,4.231
44.600,12.804,3.688,1.525,True,1,0,4.218
44.650,12.805,3.703,1.525,True,1,0,4.204
44.700,12.806,3.718,1.525,True,1,0,4.191
44.750,12.806,3.733,1.525,True,1,0,4.178
44.800,12.807,3.748,1.525,True,1,0,4.165
44.850,12.808,3.763,1.525,True,1,1,4.152
44.900,12.808,3.778,1.525,True,1,0,4.138
44.950,12.809,3.793,1.525,True,1,0,4.125
45.000,12.810,3.808,1.525,True,1,0,4.112
45.050,12.810,3.823,1.525,True,1,0,4.099
45.100,12.811,3.838,1.525,True,1,0,4.086
45.150,12.812,3.853,1.525,True,1,0,4.073
45.200,12.812,3.868,1.525,True,1,0,4.060
45.250,12.813,3.883,1.525,True,1,0,4.046
45.300,12.814,3.898,1.525,True,1,0,4.033
45.350,12.814,3.913,1.525,True,1,0,4.020
45.400,12.815,3.928,1.525,True,1,0,4.007
45.450,12.816,3.942,1.525,True,1,0,3.994
45.500,12.817,3.957,1.525,True,1,0,3.981
45.550,12.817,3.972,1.525,True,1,0,3.968
45.600,12.818,3.987,1.525,True,1,0,3.955
45.650,12.819,4.002,1.525,True,1,0,3.942
45.700,12.819,4.017,1.525,True,1,0,3.929
45.750,12.820,4.032,1.525,True,1,0,3.916
45.800,12.821,4.047,1.525,True,1,0,3.903
45.850,12.821,4.062,1.525,True,1,0,3.890
45.900,12.822,4.077,1.525,True,1,0,3.877
45.950,12.823,4.092,1.525,True,1,0,3.864
46.000,12.823,4.107,1.525,True,1,0,3.852
46.050,12.824,4.122,1.525,True,1,0,3.839
46.100,12.825,4.137,1.525,True,1,0,3.826
46.150,12.825,4.152,1.525,True,1,0,3.813
46.200,12.826,4.167,1.525,True,1,0,3.800
46.250,12.827,4.182,1.525,True,1,0,3.787
46.300,12.827,4.197,1.525,True,1,0,3.775
46.350,12.828,4.212,1.525,True,1,0,3.762
46.400,12.829,4.227,1.525,True,1,1,3.749
46.450,12.829,4.242,1.525,True,1,0,3.736
46.500,12.830,4.257,1.525,True,1,0,3.724
46.550,12.831,4.272,1.525,True,1,0,3.711
46.600,12.831,4.287,1.525,True,1,0,3.698
46.650,12.832,4.302,1.525,True,1,0,3.686
46.700,12.833,4.317,1.525,True,1,0,3.673
46.750,12.834,4.332,1.525,True,1,0,3.660
46.800,12.834,4.347,1.525,True,1,0,3.648
46.850,12.835,4.362,1.525,True,1,0,3.635
46.900,12.836,4.377,1.525,True,1,0,3.622
46.950,12.836,4.392,1.525,True,1,0,3.610
47.000,12.837,4.407,1.525,True,1,0,3.597
47.050,12.838,4.422,1.525,True,1,0,3.585
47.100,12.838,4.437,1.525,True,1,0,3.572
47.150,12.839,4.452,1.525,True,1,0,3.560
47.200,12.840,4.467,1.525,True,1,0,3.547
47.250,12.840,4.482,1.525,True,1,0,3.535
47.300,12.841,4.497,1.525,True,1,0,3.522
47.350,12.842,4.512,1.525,True,1,0,3.510
47.400,12.842,4.527,1.525,True,1,0,3.498
47.450,12.843,4.542,1.525,True,1,0,3.485
47.500,12.844,4.557,1.525,True,1,0,3.473
47.550,12.844,4.572,1.525,True,1,0,3.461
47.600,12.845,4.587,1.525,True,1,0,3.448
47.650,12.846,4.602,1.525,True,1,0,3.436
47.700,12.846,4.617,1.525,True,1,0,3.424
47.750,12.847,4.632,1.525,True,1,0,3.412
47.800,12.848,4.647,1.525,True,1,0,3.399
47.850,12.848,4.662,1.525,True,1,0,3.387
47.900,12.849,4.677,1.525,True,1,0,3.375
47.950,12.850,4.692,1.525,True,1,1,3.363
48.000,12.851,4.707,1.525,True,1,0,3.351
48.050,12.851,4.722,1.525,True,1,0,3.339
48.100,12.852,4.737,1.525,True,1,0,3.326
48.150,12.853,4.752,1.525,True,1,0,3.314
48.200,12.853,4.767,1.525,True,1,0,3.302
48.250,12.854,4.782,1.525,True,1,0,3.290
48.300,12.855,4.797,1.525,True,1,0,3.278
48.350,12.855,4.812,1.525,True,1,0,3.266
48.400,12.856,4.827,1.525,True,1,0,3.255
48.450,12.857,4.842,1.525,True,1,0,3.243
48.500,12.857,4.857,1.525,True,1,0,3.231
48.550,12.858,4.872,1.525,True,1,0,3.219
48.600,12.859,4.887,1.525,True,1,0,3.207
48.650,12.859,4.901,1.525,True,1,0,3.195
48.700,12.860,4.916,1.525,True,1,0,3.183
48.750,12.861,4.931,1.525,True,1,0,3.172
48.800,12.861,4.946,1.525,True,1,0,3.160
48.850,12.862,4.961,1.525,True,1,0,3.148
48.900,12.863,4.976,1.525,True,1,0,3.137
48.950,12.863,4.991,1.525,True,1,0,3.125
49.000,12.864,5.006,1.525,True,1,0,3.113
49.050,12.865,5.021,1.525,True,1,0,3.102
49.100,12.865,5.036,1.525,True,1,0,3.090
49.150,12.866,5.051,1.525,True,1,0,3.079
49.200,12.867,5.066,1.525,True,1,0,3.067
49.250,12.868,5.081,1.525,True,1,0,3.056
49.300,12.868,5.096,1.525,True,1,0,3.044
49.350,12.869,5.111,1.525,True,1,0,3.033
49.400,12.870,5.126,1.525,True,1,0,3.022
49.450,12.870,5.141,1.525,True,1,0,3.010
49.500,12.871,5.156,1.525,True,1,1,2.999
49.550,12.872,5.171,1.525,True,1,0,2.988
49.600,12.872,5.186,1.525,True,1,0,2.976
49.650,12.873,5.201,1.525,True,1,0,2.965
49.700,12.874,5.216,1.525,True,1,0,2.954
49.750,12.874,5.231,1.525,True,1,0,2.943
49.800,12.875,5.246,1.525,True,1,0,2.932
49.850,12.876,5.261,1.525,True,1,0,2.921
49.900,12.876,5.276,1.525,True,1,0,2.910
49.950,12.877,5.291,1.525,True,1,0,2.899
50.000,12.878,5.306,1.525,True,1,0,2.888
50.050,12.878,5.321,1.525,True,1,0,2.877
50.100,12.879,5.336,1.525,True,1,0,2.866
50.150,12.880,5.351,1.525,True,1,0,2.855
50.200,12.880,5.366,1.525,True,1,0,2.844
50.250,12.881,5.381,1.525,True,1,0,2.834
50.300,12.882,5.396,1.525,True,1,0,2.823
50.350,12.882,5.411,1.525,True,1,0,2.812
50.400,12.883,5.426,1.525,True,1,0,2.801
50.450,12.884,5.441,1.525,False,0,0,
50.500,12.885,5.456,1.525,False,0,0,
50.550,12.885,5.471,1.525,False,0,0,
50.600,12.886,5.486,1.525,False,0,0,
50.650,12.887,5.501,1.525,False,0,0,
50.700,12.887,5.516,1.525,False,0,0,
50.750,12.888,5.531,1.525,False,0,0,
50.800,12.889,5.546,1.525,False,0,0,
50.850,12.889,5.561,1.525,False,0,0,
50.900,12.890,5.576,1.525,False,0,0,
50.950,12.891,5.591,1.525,False,0,0,
51.000,12.891,5.606,1.525,False,0,0,
51.050,12.892,5.621,1.525,False,0,0,
51.100,12.893,5.636,1.525,False,0,0,
51.150,12.893,5.651,1.525,False,0,0,
51.200,12.894,5.666,1.525,False,0,0,
51.250,12.895,5.681,1.525,False,0,0,
51.300,12.895,5.696,1.525,False,0,0,
51.350,12.896,5.711,1.525,False,0,0,
51.400,12.897,5.726,1.525,False,0,0,
51.450,12.897,5.741,1.525,False,0,0,
51.500,12.898,5.756,1.525,False,0,0,
51.550,12.899,5.771,1.525,False,0,0,
51.600,12.899,5.786,1.525,False,0,0,
51.650,12.900,5.801,1.525,False,0,0,
51.700,12.901,5.816,1.525,False,0,0,
51.750,12.902,5.831,1.525,False,0,0,
51.800,12.902,5.846,1.525,False,0,0,
51.850,12.903,5.861,1.525,False,0,0,
51.900,12.904,5.875,1.525,False,0,0,
51.950,12.904,5.890,1.525,False,0,0,
52.000,12.905,5.905,1.525,False,0,0,
52.050,12.906,5.920,1.525,False,0,0,
52.100,12.906,5.935,1.525,False,0,0,
52.150,12.907,5.950,1.525,False,0,0,
52.200,12.908,5.965,1.525,False,0,0,
52.250,12.908,5.980,1.525,False,0,0,
52.300,12.909,5.995,1.525,False,0,0,
52.350,12.910,6.010,1.525,False,0,0,
52.400,12.910,6.025,1.525,False,0,0,
52.450,12.911,6.040,1.525,False,0,0,
52.500,12.912,6.055,1.525,False,0,0,
52.550,12.912,6.070,1.525,False,0,0,
52.600,12.913,6.085,1.525,False,0,0,
52.650,12.914,6.100,1.525,False,0,0,
52.700,12.914,6.115,1.525,False,0,0,
52.750,12.915,6.130,1.525,False,0,0,
52.800,12.916,6.145,1.525,False,0,0,
52.850,12.917,6.160,1.525,False,0,0,
52.900,12.917,6.175,1.525,False,0,0,
52.950,12.918,6.190,1.525,False,0,0,
53.000,12.919,6.205,1.525,False,0,0,
53.050,12.919,6.220,1.525,False,0,0,
53.100,12.920,6.235,1.525,False,0,0,
53.150,12.921,6.250,1.525,False,0,0,
53.200,12.921,6.265,1.525,False,0,0,
53.250,12.922,6.280,1.525,False,0,0,
53.300,12.923,6.295,1.525,False,0,0,
53.350,12.923,6.310,1.525,False,0,0,
53.400,12.924,6.325,1.525,False,0,0,
53.450,12.925,6.340,1.525,False,0,0,
53.500,12.925,6.355,1.525,False,0,0,
53.550,12.926,6.370,1.525,False,0,0,
53.600,12.927,6.385,1.525,False,0,0,
53.650,12.927,6.400,1.525,False,0,0,
53.700,12.928,6.415,1.525,False,0,0,
53.750,12.929,6.430,1.525,False,0,0,
53.800,12.929,6.445,1.525,False,0,0,
53.850,12.930,6.460,1.525,False,0,0,
53.900,12.931,6.475,1.525,False,0,0,
53.950,12.931,6.490,1.525,False,0,0,
54.000,12.932,6.505,1.525,False,0,0,
54.050,12.933,6.520,1.525,False,0,0,
54.100,12.934,6.535,1.525,False,0,0,
54.150,12.934,6.550,1.525,False,0,0,
54.200,12.935,6.565,1.525,False,0,0,
54.250,12.936,6.580,1.525,False,0,0,
54.300,12.936,6.595,1.525,False,0,0,
54.350,12.937,6.610,1.525,False,0,0,
54.400,12.938,6.625,1.525,False,0,0,
54.450,12.938,6.640,1.525,False,0,0,
54.500,12.939,6.655,1.525,False,0,0,
54.550,12.940,6.670,1.525,False,0,0,
54.600,12.940,6.685,1.525,False,0,0,
54.650,12.941,6.700,1.525,False,0,0,
54.700,12.942,6.715,1.525,False,0,0,
54.750,12.942,6.730,1.525,False,0,0,
54.800,12.943,6.745,1.525,False,0,0,
54.850,12.944,6.760,1.525,False,0,0,
54.900,12.944,6.775,1.525,False,0,0,
54.950,12.945,6.790,1.525,False,0,0,
55.000,12.946,6.805,1.525,False,0,0,
55.050,12.946,6.820,1.525,False,0,0,
55.100,12.947,6.835,1.525,False,0,0,
55.150,12.948,6.849,1.525,False,0,0,
55.200,12.948,6.864,1.525,False,0,0,
55.250,12.949,6.879,1.525,False,0,0,
55.300,12.950,6.894,1.525,False,0,0,
55.350,12.951,6.909,1.525,False,0,0,
55.400,12.951,6.924,1.525,False,0,0,
55.450,12.952,6.939,1.525,False,0,0,
55.500,12.953,6.954,1.525,False,0,0,
55.550,12.953,6.969,1.525,False,0,0,
55.600,12.954,6.984,1.525,False,0,0,
55.650,12.955,6.999,1.525,False,0,0,
55.700,12.955,7.014,1.525,False,0,0,
55.750,12.956,7.029,1.525,False,0,0,
55.800,12.957,7.044,1.525,False,0,0,
55.850,12.957,7.059,1.525,False,0,0,
55.900,12.958,7.074,1.525,False,0,0,
55.950,12.959,7.089,1.525,False,0,0,
56.000,12.959,7.104,1.525,False,0,0,
56.050,12.960,7.119,1.525,False,0,0,
56.100,12.961,7.134,1.525,False,0,0,
56.150,12.961,7.149,1.525,False,0,0,
56.200,12.962,7.164,1.525,False,0,0,
56.250,12.963,7.179,1.525,False,0,0,
56.300,12.963,7.194,1.525,False,0,0,
56.350,12.964,7.209,1.525,False,0,0,
56.400,12.965,7.224,1.525,False,0,0,
56.450,12.965,7.239,1.525,False,0,0,
56.500,12.966,7.254,1.525,False,0,0,
56.550,12.967,7.269,1.525,False,0,0,
56.600,12.968,7.284,1.525,False,0,0,
56.650,12.968,7.299,1.525,False,0,0,
56.700,12.969,7.314,1.525,False,0,0,
56.750,12.970,7.329,1.525,False,0,0,
56.800,12.970,7.344,1.525,False,0,0,
56.850,12.971,7.359,1.525,False,0,0,
56.900,12.972,7.374,1.525,False,0,0,
56.950,12.972,7.389,1.525,False,0,0,
57.000,12.973,7.404,1.525,False,0,0,
57.050,12.974,7.419,1.525,False,0,0,
57.100,12.974,7.434,1.525,False,0,0,
57.150,12.975,7.449,1.525,False,0,0,
57.200,12.976,7.464,1.525,False,0,0,
57.250,12.976,7.479,1.525,False,0,0,
57.300,12.977,7.494,1.525,False,0,0,
57.350,12.978,7.509,1.525,False,0,0,
57.400,12.978,7.524,1.525,False,0,0,
57.450,12.979,7.539,1.525,False,0,0,
57.500,12.980,7.554,1.525,False,0,0,
57.550,12.980,7.569,1.525,False,0,0,
57.600,12.981,7.584,1.525,False,0,0,
57.650,12.982,7.599,1.525,False,0,0,
57.700,12.982,7.614,1.525,False,0,0,
57.750,12.983,7.629,1.525,False,0,0,
57.800,12.984,7.644,1.525,False,0,0,
57.850,12.985,7.659,1.525,False,0,0,
57.900,12.985,7.674,1.525,False,0,0,
57.950,12.986,7.689,1.525,False,0,0,
58.000,12.987,7.704,1.525,False,0,0,
58.050,12.972,7.704,3.092,True,1,1,1.982
58.100,12.957,7.705,3.092,True,1,0,1.967
58.150,12.942,7.706,3.092,True,1,0,1.952
58.200,12.927,7.707,3.092,True,1,0,1.938
58.250,12.912,7.707,3.092,True,1,0,1.923
58.300,12.897,7.708,3.092,True,1,0,1.908
58.350,12.882,7.709,3.092,True,1,0,1.893
58.400,12.867,7.710,3.092,True,1,0,1.878
58.450,12.852,7.710,3.092,True,1,0,1.864
58.500,12.837,7.711,3.092,True,1,0,1.849
58.550,12.822,7.712,3.092,True,1,0,1.834
58.600,12.807,7.713,3.092,True,1,0,1.819
58.650,12.792,7.713,3.092,True,1,0,1.804
58.700,12.777,7.714,3.092,True,1,0,1.790
58.750,12.762,7.715,3.092,True,1,0,1.775
58.800,12.747,7.715,3.092,True,1,0,1.760
58.850,12.732,7.716,3.092,True,1,0,1.745
58.900,12.717,7.717,3.092,True,1,0,1.731
58.950,12.702,7.718,3.092,True,1,0,1.716
59.000,12.687,7.718,3.092,True,1,0,1.701
59.050,12.672,7.719,3.092,True,1,0,1.686
59.100,12.657,7.720,3.092,True,1,0,1.671
59.150,12.642,7.721,3.092,True,1,0,1.657
59.200,12.627,7.721,3.092,True,1,0,1.642
59.250,12.612,7.722,3.092,True,1,0,1.627
59.300,12.597,7.723,3.092,True,1,0,1.613
59.350,12.582,7.724,3.092,True,1,0,1.598
59.400,12.567,7.724,3.092,True,1,0,1.583
59.450,12.552,7.725,3.092,True,1,0,1.568
59.500,12.537,7.726,3.092,True,1,0,1.554
59.550,12.522,7.727,3.092,True,1,0,1.539
59.600,12.507,7.727,3.092,True,1,1,1.524
59.650,12.492,7.728,3.092,True,1,0,1.509
59.700,12.477,7.729,3.092,True,1,0,1.495
59.750,12.462,7.730,3.092,True,1,0,1.480
59.800,12.447,7.730,3.092,True,1,0,1.465
59.850,12.432,7.731,3.092,True,1,0,1.451
59.900,12.417,7.732,3.092,True,1,0,1.436
59.950,12.402,7.733,3.092,True,1,0,1.421
60.000,12.387,7.733,3.092,True,1,0,1.407
