time,robot_x,robot_y,intrusion_detected,num_intruders,closest_dist,alert_level,is_alarming,alarm_event
0.000,1.515,1.500,False,0,,nominal,False,silent
0.050,1.530,1.500,False,0,,nominal,False,silent
0.100,1.545,1.500,False,0,,nominal,False,silent
0.150,1.560,1.500,False,0,,nominal,False,silent
0.200,1.575,1.500,False,0,,nominal,False,silent
0.250,1.590,1.500,False,0,,nominal,False,silent
0.300,1.605,1.500,False,0,,nominal,False,silent
0.350,1.620,1.500,False,0,,nominal,False,silent
0.400,1.635,1.500,False,0,,nominal,False,silent
0.450,1.650,1.500,False,0,,nominal,False,silent
0.500,1.665,1.500,False,0,,nominal,False,silent
0.550,1.680,1.500,False,0,,nominal,False,silent
0.600,1.695,1.500,False,0,,nominal,False,silent
0.650,1.710,1.500,False,0,,nominal,False,silent
0.700,1.725,1.500,False,0,,nominal,False,silent
0.750,1.740,1.500,False,0,,nominal,False,silent
0.800,1.755,1.500,False,0,,nominal,False,silent
0.850,1.770,1.500,False,0,,nominal,False,silent
0.900,1.785,1.500,False,0,,nominal,False,silent
0.950,1.800,1.500,False,0,,nominal,False,silent
1.000,1.815,1.500,False,0,,nominal,False,silent
1.050,1.830,1.500,False,0,,nominal,False,silent
1.100,1.845,1.500,False,0,,nominal,False,silent
1.150,1.860,1.500,False,0,,nominal,False,silent
1.200,1.875,1.500,False,0,,nominal,False,silent
1.250,1.890,1.500,False,0,,nominal,False,silent
1.300,1.905,1.500,False,0,,nominal,False,silent
1.350,1.920,1.500,False,0,,nominal,False,silent
1.400,1.935,1.500,False,0,,nominal,False,silent
1.450,1.950,1.500,False,0,,nominal,False,silent
1.500,1.965,1.500,False,0,,nominal,False,silent
1.550,1.980,1.500,False,0,,nominal,False,silent
1.600,1.995,1.500,False,0,,nominal,False,silent
1.650,2.010,1.500,False,0,,nominal,False,silent
1.700,2.025,1.500,False,0,,nominal,False,silent
1.750,2.040,1.500,False,0,,nominal,False,silent
1.800,2.055,1.500,False,0,,nominal,False,silent
1.850,2.070,1.500,False,0,,nominal,False,silent
1.900,2.085,1.500,False,0,,nominal,False,silent
1.950,2.100,1.500,False,0,,nominal,False,silent
2.000,2.115,1.500,False,0,,nominal,False,silent
2.050,2.130,1.500,False,0,,nominal,False,silent
2.100,2.145,1.500,False,0,,nominal,False,silent
2.150,2.160,1.500,False,0,,nominal,False,silent
2.200,2.175,1.500,False,0,,nominal,False,silent
2.250,2.190,1.500,False,0,,nominal,False,silent
2.300,2.205,1.500,False,0,,nominal,False,silent
2.350,2.220,1.500,False,0,,nominal,False,silent
2.400,2.235,1.500,False,0,,nominal,False,silent
2.450,2.250,1.500,False,0,,nominal,False,silent
2.500,2.265,1.500,False,0,,nominal,False,silent
2.550,2.280,1.500,False,0,,nominal,False,silent
2.600,2.295,1.500,False,0,,nominal,False,silent
2.650,2.310,1.500,False,0,,nominal,False,silent
2.700,2.325,1.500,False,0,,nominal,False,silent
2.750,2.340,1.500,False,0,,nominal,False,silent
2.800,2.355,1.500,False,0,,nominal,False,silent
2.850,2.370,1.500,False,0,,nominal,False,silent
2.900,2.385,1.500,False,0,,nominal,False,silent
2.950,2.400,1.500,False,0,,nominal,False,silent
3.000,2.415,1.500,False,0,,nominal,False,silent
3.050,2.430,1.500,True,1,4.776,info,False,silent
3.100,2.445,1.500,True,0,,info,False,silent
3.150,2.460,1.500,True,0,,info,False,silent
3.200,2.475,1.500,True,0,,info,False,silent
3.250,2.490,1.500,True,0,,info,False,silent
3.300,2.505,1.500,True,0,,info,False,silent
3.350,2.520,1.500,True,0,,info,False,silent
3.400,2.535,1.500,True,0,,info,False,silent
3.450,2.550,1.500,True,0,,info,False,silent
3.500,2.565,1.500,True,0,,info,False,silent
3.550,2.580,1.500,True,0,,info,False,silent
3.600,2.595,1.500,True,0,,info,False,silent
3.650,2.610,1.500,True,0,,info,False,silent
3.700,2.625,1.500,True,0,,info,False,silent
3.750,2.640,1.500,True,0,,info,False,silent
3.800,2.655,1.500,True,0,,info,False,silent
3.850,2.670,1.500,True,0,,info,False,silent
3.900,2.685,1.500,True,0,,info,False,silent
3.950,2.700,1.500,True,0,,info,False,silent
4.000,2.715,1.500,True,0,,info,False,silent
4.050,2.730,1.500,True,0,,info,False,silent
4.100,2.745,1.500,True,1,4.511,info,False,silent
4.150,2.760,1.500,True,0,,info,False,silent
4.200,2.775,1.500,True,0,,info,False,silent
4.250,2.790,1.500,True,0,,info,False,silent
4.300,2.805,1.500,True,0,,info,False,silent
4.350,2.820,1.500,True,0,,info,False,silent
4.400,2.835,1.500,True,0,,info,False,silent
4.450,2.850,1.500,True,0,,info,False,silent
4.500,2.865,1.500,True,0,,info,False,silent
4.550,2.880,1.500,True,0,,info,False,silent
4.600,2.895,1.500,True,0,,info,False,silent
4.650,2.910,1.500,True,0,,info,False,silent
4.700,2.925,1.500,True,0,,info,False,silent
4.750,2.940,1.500,True,0,,info,False,silent
4.800,2.955,1.500,True,0,,info,False,silent
4.850,2.970,1.500,True,0,,info,False,silent
4.900,2.985,1.500,True,0,,info,False,silent
4.950,3.000,1.500,True,0,,info,False,silent
5.000,3.015,1.500,True,0,,info,False,silent
5.050,3.030,1.500,True,0,,info,False,silent
5.100,3.045,1.500,True,0,,info,False,silent
5.150,3.060,1.500,True,1,4.252,info,False,silent
5.200,3.075,1.500,True,0,,info,False,silent
5.250,3.090,1.500,True,0,,info,False,silent
5.300,3.105,1.500,True,0,,info,False,silent
5.350,3.120,1.500,True,0,,info,False,silent
5.400,3.135,1.500,True,0,,info,False,silent
5.450,3.150,1.500,True,0,,info,False,silent
5.500,3.165,1.500,True,0,,info,False,silent
5.550,3.180,1.500,True,0,,info,False,silent
5.600,3.195,1.500,True,0,,info,False,silent
5.650,3.210,1.500,True,0,,info,False,silent
5.700,3.225,1.500,True,0,,info,False,silent
5.750,3.240,1.500,True,0,,info,False,silent
5.800,3.255,1.500,True,0,,info,False,silent
5.850,3.270,1.500,True,0,,info,False,silent
5.900,3.285,1.500,True,0,,info,False,silent
5.950,3.300,1.500,True,0,,info,False,silent
6.000,3.315,1.500,True,0,,info,False,silent
6.050,3.330,1.500,True,0,,info,False,silent
6.100,3.345,1.500,True,0,,info,False,silent
6.150,3.360,1.500,True,0,,info,False,silent
6.200,3.375,1.500,True,1,4.002,info,False,silent
6.250,3.390,1.500,True,0,,info,False,silent
6.300,3.405,1.500,True,0,,info,False,silent
6.350,3.420,1.500,True,0,,info,False,silent
6.400,3.435,1.500,True,0,,info,False,silent
6.450,3.450,1.500,True,0,,info,False,silent
6.500,3.465,1.500,True,0,,info,False,silent
6.550,3.480,1.500,True,0,,info,False,silent
6.600,3.495,1.500,True,0,,info,False,silent
6.650,3.510,1.500,True,0,,info,False,silent
6.700,3.525,1.500,True,0,,info,False,silent
6.750,3.540,1.500,True,0,,info,False,silent
6.800,3.555,1.500,True,0,,info,False,silent
6.850,3.570,1.500,True,0,,info,False,silent
6.900,3.585,1.500,True,0,,info,False,silent
6.950,3.600,1.500,True,0,,info,False,silent
7.000,3.615,1.500,True,0,,info,False,silent
7.050,3.630,1.500,True,0,,info,False,silent
7.100,3.645,1.500,True,0,,info,False,silent
7.150,3.660,1.500,True,0,,info,False,silent
7.200,3.675,1.500,True,0,,info,False,silent
7.250,3.690,1.500,True,1,3.761,warning,False,silent
7.300,3.705,1.500,True,0,,warning,False,silent
7.350,3.720,1.500,True,0,,warning,False,silent
7.400,3.735,1.500,True,0,,warning,False,silent
7.450,3.750,1.500,True,0,,warning,False,silent
7.500,3.765,1.500,True,0,,warning,False,silent
7.550,3.780,1.500,True,0,,warning,False,silent
7.600,3.795,1.500,True,0,,warning,False,silent
7.650,3.810,1.500,True,0,,warning,False,silent
7.700,3.825,1.500,True,0,,warning,False,silent
7.750,3.840,1.500,True,0,,warning,False,silent
7.800,3.855,1.500,True,0,,warning,False,silent
7.850,3.870,1.500,True,0,,warning,False,silent
7.900,3.885,1.500,True,0,,warning,False,silent
7.950,3.900,1.500,True,0,,warning,False,silent
8.000,3.915,1.500,True,0,,warning,False,silent
8.050,3.930,1.500,True,0,,warning,False,silent
8.100,3.945,1.500,True,0,,warning,False,silent
8.150,3.960,1.500,True,0,,warning,False,silent
8.200,3.975,1.500,True,0,,warning,False,silent
8.250,3.990,1.500,True,1,3.543,warning,False,silent
8.300,4.005,1.500,False,0,,warning,False,silent
8.350,4.020,1.500,False,0,,warning,False,silent
8.400,4.035,1.500,False,0,,warning,False,silent
8.450,4.050,1.500,False,0,,warning,False,silent
8.500,4.065,1.500,False,0,,warning,False,silent
8.550,4.080,1.500,False,0,,warning,False,silent
8.600,4.095,1.500,False,0,,warning,False,silent
8.650,4.110,1.500,False,0,,warning,False,silent
8.700,4.125,1.500,False,0,,warning,False,silent
8.750,4.140,1.500,False,0,,warning,False,silent
8.800,4.155,1.500,False,0,,warning,False,silent
8.850,4.170,1.500,False,0,,warning,False,silent
8.900,4.185,1.500,False,0,,warning,False,silent
8.950,4.200,1.500,False,0,,warning,False,silent
9.000,4.215,1.500,False,0,,warning,False,silent
9.050,4.230,1.500,False,0,,warning,False,silent
9.100,4.245,1.500,False,0,,warning,False,silent
9.150,4.260,1.500,False,0,,warning,False,silent
9.200,4.275,1.500,False,0,,warning,False,silent
9.250,4.290,1.500,False,0,,nominal,False,silent
9.300,4.305,1.500,False,0,,nominal,False,silent
9.350,4.320,1.500,False,0,,nominal,False,silent
9.400,4.335,1.500,False,0,,nominal,False,silent
9.450,4.350,1.500,False,0,,nominal,False,silent
9.500,4.365,1.500,False,0,,nominal,False,silent
9.550,4.380,1.500,False,0,,nominal,False,silent
9.600,4.395,1.500,False,0,,nominal,False,silent
9.650,4.410,1.500,False,0,,nominal,False,silent
9.700,4.425,1.500,False,0,,nominal,False,silent
9.750,4.440,1.500,False,0,,nominal,False,silent
9.800,4.455,1.500,False,0,,nominal,False,silent
9.850,4.470,1.500,False,0,,nominal,False,silent
9.900,4.485,1.500,False,0,,nominal,False,silent
9.950,4.500,1.500,False,0,,nominal,False,silent
10.000,4.515,1.500,False,0,,nominal,False,silent
10.050,4.530,1.500,False,0,,nominal,False,silent
10.100,4.545,1.500,False,0,,nominal,False,silent
10.150,4.560,1.500,False,0,,nominal,False,silent
10.200,4.575,1.500,False,0,,nominal,False,silent
10.250,4.590,1.500,False,0,,nominal,False,silent
10.300,4.605,1.500,False,0,,nominal,False,silent
10.350,4.620,1.500,False,0,,nominal,False,silent
10.400,4.635,1.500,False,0,,nominal,False,silent
10.450,4.650,1.500,False,0,,nominal,False,silent
10.500,4.665,1.500,False,0,,nominal,False,silent
10.550,4.680,1.500,False,0,,nominal,False,silent
10.600,4.695,1.500,False,0,,nominal,False,silent
10.650,4.710,1.500,False,0,,nominal,False,silent
10.700,4.725,1.500,False,0,,nominal,False,silent
10.750,4.740,1.500,False,0,,nominal,False,silent
10.800,4.755,1.500,False,0,,nominal,False,silent
10.850,4.770,1.500,False,0,,nominal,False,silent
10.900,4.785,1.500,False,0,,nominal,False,silent
10.950,4.800,1.500,False,0,,nominal,False,silent
11.000,4.815,1.500,False,0,,nominal,False,silent
11.050,4.830,1.500,False,0,,nominal,False,silent
11.100,4.845,1.500,False,0,,nominal,False,silent
11.150,4.860,1.500,False,0,,nominal,False,silent
11.200,4.875,1.500,False,0,,nominal,False,silent
11.250,4.890,1.500,False,0,,nominal,False,silent
11.300,4.905,1.500,False,0,,nominal,False,silent
11.350,4.920,1.500,False,0,,nominal,False,silent
11.400,4.935,1.500,False,0,,nominal,False,silent
11.450,4.950,1.500,False,0,,nominal,False,silent
11.500,4.965,1.500,False,0,,nominal,False,silent
11.550,4.980,1.500,False,0,,nominal,False,silent
11.600,4.995,1.500,False,0,,nominal,False,silent
11.650,5.010,1.500,False,0,,nominal,False,silent
11.700,5.025,1.500,False,0,,nominal,False,silent
11.750,5.040,1.500,False,0,,nominal,False,silent
11.800,5.055,1.500,False,0,,nominal,False,silent
11.850,5.070,1.500,False,0,,nominal,False,silent
11.900,5.085,1.500,False,0,,nominal,False,silent
11.950,5.100,1.500,False,0,,nominal,False,silent
12.000,5.115,1.500,False,0,,nominal,False,silent
12.050,5.130,1.500,False,0,,nominal,False,silent
12.100,5.145,1.500,False,0,,nominal,False,silent
12.150,5.160,1.500,False,0,,nominal,False,silent
12.200,5.175,1.500,False,0,,nominal,False,silent
12.250,5.190,1.500,False,0,,nominal,False,silent
12.300,5.205,1.500,False,0,,nominal,False,silent
12.350,5.220,1.500,False,0,,nominal,False,silent
12.400,5.235,1.500,False,0,,nominal,False,silent
12.450,5.250,1.500,False,0,,nominal,False,silent
12.500,5.265,1.500,False,0,,nominal,False,silent
12.550,5.280,1.500,False,0,,nominal,False,silent
12.600,5.295,1.500,False,0,,nominal,False,silent
12.650,5.310,1.500,False,0,,nominal,False,silent
12.700,5.325,1.500,False,0,,nominal,False,silent
12.750,5.340,1.500,False,0,,nominal,False,silent
12.800,5.355,1.500,False,0,,nominal,False,silent
12.850,5.370,1.500,False,0,,nominal,False,silent
12.900,5.385,1.500,False,0,,nominal,False,silent
12.950,5.400,1.500,False,0,,nominal,False,silent
13.000,5.415,1.500,False,0,,nominal,False,silent
13.050,5.430,1.500,False,0,,nominal,False,silent
13.100,5.445,1.500,False,0,,nominal,False,silent
13.150,5.460,1.500,False,0,,nominal,False,silent
13.200,5.475,1.500,False,0,,nominal,False,silent
13.250,5.490,1.500,False,0,,nominal,False,silent
13.300,5.505,1.500,False,0,,nominal,False,silent
13.350,5.520,1.500,False,0,,nominal,False,silent
13.400,5.535,1.500,False,0,,nominal,False,silent
13.450,5.550,1.500,False,0,,nominal,False,silent
13.500,5.565,1.500,False,0,,nominal,False,silent
13.550,5.580,1.500,False,0,,nominal,False,silent
13.600,5.595,1.500,False,0,,nominal,False,silent
13.650,5.610,1.500,False,0,,nominal,False,silent
13.700,5.625,1.500,False,0,,nominal,False,silent
13.750,5.640,1.500,False,0,,nominal,False,silent
13.800,5.655,1.500,False,0,,nominal,False,silent
13.850,5.670,1.500,False,0,,nominal,False,silent
13.900,5.685,1.500,False,0,,nominal,False,silent
13.950,5.700,1.500,False,0,,nominal,False,silent
14.000,5.715,1.500,False,0,,nominal,False,silent
14.050,5.730,1.500,False,0,,nominal,False,silent
14.100,5.745,1.500,False,0,,nominal,False,silent
14.150,5.760,1.500,False,0,,nominal,False,silent
14.200,5.775,1.500,False,0,,nominal,False,silent
14.250,5.790,1.500,False,0,,nominal,False,silent
14.300,5.805,1.500,False,0,,nominal,False,silent
14.350,5.820,1.500,False,0,,nominal,False,silent
14.400,5.835,1.500,False,0,,nominal,False,silent
14.450,5.850,1.500,False,0,,nominal,False,silent
14.500,5.865,1.500,False,0,,nominal,False,silent
14.550,5.880,1.500,False,0,,nominal,False,silent
14.600,5.895,1.500,False,0,,nominal,False,silent
14.650,5.910,1.500,False,0,,nominal,False,silent
14.700,5.925,1.500,False,0,,nominal,False,silent
14.750,5.940,1.500,False,0,,nominal,False,silent
14.800,5.955,1.500,False,0,,nominal,False,silent
14.850,5.970,1.500,False,0,,nominal,False,silent
14.900,5.985,1.500,False,0,,nominal,False,silent
14.950,6.000,1.500,False,0,,nominal,False,silent
15.000,6.015,1.500,False,0,,nominal,False,silent
15.050,6.030,1.500,False,0,,nominal,False,silent
15.100,6.045,1.500,False,0,,nominal,False,silent
15.150,6.060,1.500,False,0,,nominal,False,silent
15.200,6.075,1.500,False,0,,nominal,False,silent
15.250,6.090,1.500,False,0,,nominal,False,silent
15.300,6.105,1.500,False,0,,nominal,False,silent
15.350,6.120,1.500,False,0,,nominal,False,silent
15.400,6.135,1.500,False,0,,nominal,False,silent
15.450,6.150,1.500,False,0,,nominal,False,silent
15.500,6.165,1.500,False,0,,nominal,False,silent
15.550,6.180,1.500,False,0,,nominal,False,silent
15.600,6.195,1.500,False,0,,nominal,False,silent
15.650,6.210,1.500,False,0,,nominal,False,silent
15.700,6.225,1.500,False,0,,nominal,False,silent
15.750,6.240,1.500,False,0,,nominal,False,silent
15.800,6.255,1.500,False,0,,nominal,False,silent
15.850,6.270,1.500,False,0,,nominal,False,silent
15.900,6.285,1.500,False,0,,nominal,False,silent
15.950,6.300,1.500,False,0,,nominal,False,silent
16.000,6.315,1.500,False,0,,nominal,False,silent
16.050,6.330,1.500,False,0,,nominal,False,silent
16.100,6.345,1.500,False,0,,nominal,False,silent
16.150,6.360,1.500,False,0,,nominal,False,silent
16.200,6.375,1.500,False,0,,nominal,False,silent
16.250,6.390,1.500,False,0,,nominal,False,silent
16.300,6.405,1.500,False,0,,nominal,False,silent
16.350,6.420,1.500,False,0,,nominal,False,silent
16.400,6.435,1.500,False,0,,nominal,False,silent
16.450,6.450,1.500,False,0,,nominal,False,silent
16.500,6.465,1.500,False,0,,nominal,False,silent
16.550,6.480,1.500,False,0,,nominal,False,silent
16.600,6.495,1.500,False,0,,nominal,False,silent
16.650,6.510,1.500,False,0,,nominal,False,silent
16.700,6.525,1.500,False,0,,nominal,False,silent
16.750,6.540,1.500,False,0,,nominal,False,silent
16.800,6.555,1.500,False,0,,nominal,False,silent
16.850,6.570,1.500,False,0,,nominal,False,silent
16.900,6.585,1.500,False,0,,nominal,False,silent
16.950,6.600,1.500,False,0,,nominal,False,silent
17.000,6.615,1.500,False,0,,nominal,False,silent
17.050,6.630,1.500,False,0,,nominal,False,silent
17.100,6.645,1.500,False,0,,nominal,False,silent
17.150,6.660,1.500,False,0,,nominal,False,silent
17.200,6.675,1.500,False,0,,nominal,False,silent
17.250,6.690,1.500,False,0,,nominal,False,silent
17.300,6.705,1.500,False,0,,nominal,False,silent
17.350,6.720,1.500,False,0,,nominal,False,silent
17.400,6.735,1.500,False,0,,nominal,False,silent
17.450,6.750,1.500,False,0,,nominal,False,silent
17.500,6.765,1.500,False,0,,nominal,False,silent
17.550,6.780,1.500,False,0,,nominal,False,silent
17.600,6.795,1.500,False,0,,nominal,False,silent
17.650,6.810,1.500,False,0,,nominal,False,silent
17.700,6.825,1.500,False,0,,nominal,False,silent
17.750,6.840,1.500,False,0,,nominal,False,silent
17.800,6.855,1.500,False,0,,nominal,False,silent
17.850,6.870,1.500,False,0,,nominal,False,silent
17.900,6.885,1.500,False,0,,nominal,False,silent
17.950,6.900,1.500,False,0,,nominal,False,silent
18.000,6.915,1.500,False,0,,nominal,False,silent
18.050,6.930,1.500,False,0,,nominal,False,silent
18.100,6.945,1.500,False,0,,nominal,False,silent
18.150,6.960,1.500,False,0,,nominal,False,silent
18.200,6.975,1.500,False,0,,nominal,False,silent
18.250,6.990,1.500,False,0,,nominal,False,silent
18.300,7.005,1.500,False,0,,nominal,False,silent
18.350,7.020,1.500,False,0,,nominal,False,silent
18.400,7.035,1.500,False,0,,nominal,False,silent
18.450,7.050,1.500,False,0,,nominal,False,silent
18.500,7.065,1.500,False,0,,nominal,False,silent
18.550,7.080,1.500,False,0,,nominal,False,silent
18.600,7.095,1.500,False,0,,nominal,False,silent
18.650,7.110,1.500,False,0,,nominal,False,silent
18.700,7.125,1.500,False,0,,nominal,False,silent
18.750,7.140,1.500,False,0,,nominal,False,silent
18.800,7.155,1.500,False,0,,nominal,False,silent
18.850,7.170,1.500,False,0,,nominal,False,silent
18.900,7.185,1.500,False,0,,nominal,False,silent
18.950,7.200,1.500,False,0,,nominal,False,silent
19.000,7.215,1.500,False,0,,nominal,False,silent
19.050,7.230,1.500,False,0,,nominal,False,silent
19.100,7.245,1.500,False,0,,nominal,False,silent
19.150,7.260,1.500,False,0,,nominal,False,silent
19.200,7.275,1.500,False,0,,nominal,False,silent
19.250,7.290,1.500,False,0,,nominal,False,silent
19.300,7.305,1.500,False,0,,nominal,False,silent
19.350,7.320,1.500,False,0,,nominal,False,silent
19.400,7.335,1.500,False,0,,nominal,False,silent
19.450,7.350,1.500,False,0,,nominal,False,silent
19.500,7.365,1.500,False,0,,nominal,False,silent
19.550,7.380,1.500,False,0,,nominal,False,silent
19.600,7.395,1.500,False,0,,nominal,False,silent
19.650,7.410,1.500,False,0,,nominal,False,silent
19.700,7.425,1.500,False,0,,nominal,False,silent
19.750,7.440,1.500,False,0,,nominal,False,silent
19.800,7.455,1.500,False,0,,nominal,False,silent
19.850,7.470,1.500,False,0,,nominal,False,silent
19.900,7.485,1.500,False,0,,nominal,False,silent
19.950,7.500,1.500,False,0,,nominal,False,silent
20.000,7.515,1.500,False,0,,nominal,False,silent
20.050,7.530,1.500,False,0,,nominal,False,silent
20.100,7.545,1.500,False,0,,nominal,False,silent
20.150,7.560,1.500,False,0,,nominal,False,silent
20.200,7.575,1.500,False,0,,nominal,False,silent
20.250,7.590,1.500,False,0,,nominal,False,silent
20.300,7.605,1.500,False,0,,nominal,False,silent
20.350,7.620,1.500,False,0,,nominal,False,silent
20.400,7.635,1.500,False,0,,nominal,False,silent
20.450,7.650,1.500,False,0,,nominal,False,silent
20.500,7.665,1.500,False,0,,nominal,False,silent
20.550,7.680,1.500,False,0,,nominal,False,silent
20.600,7.695,1.500,False,0,,nominal,False,silent
20.650,7.710,1.500,False,0,,nominal,False,silent
20.700,7.725,1.500,False,0,,nominal,False,silent
20.750,7.740,1.500,False,0,,nominal,False,silent
20.800,7.755,1.500,False,0,,nominal,False,silent
20.850,7.770,1.500,False,0,,nominal,False,silent
20.900,7.785,1.500,False,0,,nominal,False,silent
20.950,7.800,1.500,False,0,,nominal,False,silent
21.000,7.815,1.500,False,0,,nominal,False,silent
21.050,7.830,1.500,False,0,,nominal,False,silent
21.100,7.845,1.500,False,0,,nominal,False,silent
21.150,7.860,1.500,False,0,,nominal,False,silent
21.200,7.875,1.500,False,0,,nominal,False,silent
21.250,7.890,1.500,False,0,,nominal,False,silent
21.300,7.905,1.500,False,0,,nominal,False,silent
21.350,7.920,1.500,False,0,,nominal,False,silent
21.400,7.935,1.500,False,0,,nominal,False,silent
21.450,7.950,1.500,True,1,2.890,warning,False,silent
21.500,7.965,1.500,True,0,,warning,False,silent
21.550,7.980,1.500,True,0,,warning,False,silent
21.600,7.995,1.500,True,0,,warning,False,silent
21.650,8.010,1.500,True,0,,warning,False,silent
21.700,8.025,1.500,True,0,,warning,False,silent
21.750,8.040,1.500,True,0,,warning,False,silent
21.800,8.055,1.500,True,0,,warning,False,silent
21.850,8.070,1.500,True,0,,warning,False,silent
21.900,8.085,1.500,True,0,,warning,False,silent
21.950,8.100,1.500,True,0,,warning,False,silent
22.000,8.115,1.500,True,0,,warning,False,silent
22.050,8.130,1.500,True,0,,warning,False,silent
22.100,8.145,1.500,True,0,,warning,False,silent
22.150,8.160,1.500,True,0,,warning,False,silent
22.200,8.175,1.500,True,0,,warning,False,silent
22.250,8.190,1.500,True,0,,warning,False,silent
22.300,8.205,1.500,True,0,,warning,False,silent
22.350,8.220,1.500,True,0,,warning,False,silent
22.400,8.235,1.500,True,0,,warning,False,silent
22.450,8.250,1.500,True,1,3.052,warning,False,silent
22.500,8.265,1.500,True,0,,warning,False,silent
22.550,8.280,1.500,True,0,,warning,False,silent
22.600,8.295,1.500,True,0,,warning,False,silent
22.650,8.310,1.500,True,0,,warning,False,silent
22.700,8.325,1.500,True,0,,warning,False,silent
22.750,8.340,1.500,True,0,,warning,False,silent
22.800,8.355,1.500,True,0,,warning,False,silent
22.850,8.370,1.500,True,0,,warning,False,silent
22.900,8.385,1.500,True,0,,warning,False,silent
22.950,8.400,1.500,True,0,,warning,False,silent
23.000,8.415,1.500,True,0,,warning,False,silent
23.050,8.430,1.500,True,0,,warning,False,silent
23.100,8.445,1.500,True,0,,warning,False,silent
23.150,8.460,1.500,True,0,,warning,False,silent
23.200,8.475,1.500,True,0,,warning,False,silent
23.250,8.490,1.500,True,0,,warning,False,silent
23.300,8.505,1.500,True,0,,warning,False,silent
23.350,8.520,1.500,True,0,,warning,False,silent
23.400,8.535,1.500,True,0,,warning,False,silent
23.450,8.550,1.500,True,1,3.233,warning,False,silent
23.500,8.565,1.500,True,0,,warning,False,silent
23.550,8.580,1.500,True,0,,warning,False,silent
23.600,8.595,1.500,True,0,,warning,False,silent
23.650,8.610,1.500,True,0,,warning,False,silent
23.700,8.625,1.500,True,0,,warning,False,silent
23.750,8.640,1.500,True,0,,warning,False,silent
23.800,8.655,1.500,True,0,,warning,False,silent
23.850,8.670,1.500,True,0,,warning,False,silent
23.900,8.685,1.500,True,0,,warning,False,silent
23.950,8.700,1.500,True,0,,warning,False,silent
24.000,8.715,1.500,True,0,,warning,False,silent
24.050,8.730,1.500,True,0,,warning,False,silent
24.100,8.745,1.500,True,0,,warning,False,silent
24.150,8.760,1.500,True,0,,warning,False,silent
24.200,8.775,1.500,True,0,,warning,False,silent
24.250,8.790,1.500,True,0,,warning,False,silent
24.300,8.805,1.500,True,0,,warning,False,silent
24.350,8.820,1.500,True,0,,warning,False,silent
24.400,8.835,1.500,True,0,,warning,False,silent
24.450,8.850,1.500,True,1,3.431,warning,False,silent
24.500,8.865,1.500,True,0,,warning,False,silent
24.550,8.880,1.500,True,0,,warning,False,silent
24.600,8.895,1.500,True,0,,warning,False,silent
24.650,8.910,1.500,True,0,,warning,False,silent
24.700,8.925,1.500,True,0,,warning,False,silent
24.750,8.940,1.500,True,0,,warning,False,silent
24.800,8.955,1.500,True,0,,warning,False,silent
24.850,8.970,1.500,True,0,,warning,False,silent
24.900,8.985,1.500,True,0,,warning,False,silent
24.950,9.000,1.500,True,0,,warning,False,silent
25.000,9.015,1.500,True,0,,warning,False,silent
25.050,9.030,1.500,True,0,,warning,False,silent
25.100,9.045,1.500,True,0,,warning,False,silent
25.150,9.060,1.500,True,0,,warning,False,silent
25.200,9.075,1.500,True,0,,warning,False,silent
25.250,9.090,1.500,True,0,,warning,False,silent
25.300,9.105,1.500,True,0,,warning,False,silent
25.350,9.120,1.500,True,0,,warning,False,silent
25.400,9.135,1.500,True,0,,warning,False,silent
25.450,9.150,1.500,True,1,3.643,warning,False,silent
25.500,9.165,1.500,True,0,,warning,False,silent
25.550,9.180,1.500,True,0,,warning,False,silent
25.600,9.195,1.500,True,0,,warning,False,silent
25.650,9.210,1.500,True,0,,warning,False,silent
25.700,9.225,1.500,True,0,,warning,False,silent
25.750,9.240,1.500,True,0,,warning,False,silent
25.800,9.255,1.500,True,0,,warning,False,silent
25.850,9.270,1.500,True,0,,warning,False,silent
25.900,9.285,1.500,True,0,,warning,False,silent
25.950,9.300,1.500,True,0,,warning,False,silent
26.000,9.315,1.500,True,0,,warning,False,silent
26.050,9.330,1.500,True,0,,warning,False,silent
26.100,9.345,1.500,True,0,,warning,False,silent
26.150,9.360,1.500,True,0,,warning,False,silent
26.200,9.375,1.500,True,0,,warning,False,silent
26.250,9.390,1.500,True,0,,warning,False,silent
26.300,9.405,1.500,True,0,,warning,False,silent
26.350,9.420,1.500,True,0,,warning,False,silent
26.400,9.435,1.500,True,0,,warning,False,silent
26.450,9.450,1.500,True,1,3.867,warning,False,silent
26.500,9.465,1.500,True,0,,warning,False,silent
26.550,9.480,1.500,True,0,,warning,False,silent
26.600,9.495,1.500,True,0,,warning,False,silent
26.650,9.510,1.500,True,0,,warning,False,silent
26.700,9.525,1.500,True,0,,warning,False,silent
26.750,9.540,1.500,True,0,,warning,False,silent
26.800,9.555,1.500,True,0,,warning,False,silent
26.850,9.570,1.500,True,0,,warning,False,silent
26.900,9.585,1.500,True,0,,warning,False,silent
26.950,9.600,1.500,True,0,,warning,False,silent
27.000,9.615,1.500,True,0,,warning,False,silent
27.050,9.630,1.500,True,0,,warning,False,silent
27.100,9.645,1.500,True,0,,warning,False,silent
27.150,9.660,1.500,True,0,,warning,False,silent
27.200,9.675,1.500,True,0,,warning,False,silent
27.250,9.690,1.500,True,0,,warning,False,silent
27.300,9.705,1.500,True,0,,warning,False,silent
27.350,9.720,1.500,True,0,,warning,False,silent
27.400,9.735,1.500,True,0,,warning,False,silent
27.450,9.750,1.500,True,1,4.100,info,False,silent
27.500,9.765,1.500,True,0,,info,False,silent
27.550,9.780,1.500,True,0,,info,False,silent
27.600,9.795,1.500,True,0,,info,False,silent
27.650,9.810,1.500,True,0,,info,False,silent
27.700,9.825,1.500,True,0,,info,False,silent
27.750,9.840,1.500,True,0,,info,False,silent
27.800,9.855,1.500,True,0,,info,False,silent
27.850,9.870,1.500,True,0,,info,False,silent
27.900,9.885,1.500,True,0,,info,False,silent
27.950,9.900,1.500,True,0,,info,False,silent
28.000,9.915,1.500,True,0,,info,False,silent
28.050,9.930,1.500,True,0,,info,False,silent
28.100,9.945,1.500,True,0,,info,False,silent
28.150,9.960,1.500,True,0,,info,False,silent
28.200,9.975,1.500,True,0,,info,False,silent
28.250,9.990,1.500,True,0,,info,False,silent
28.300,10.005,1.500,True,0,,info,False,silent
28.350,10.020,1.500,True,0,,info,False,silent
28.400,10.035,1.500,True,0,,info,False,silent
28.450,10.050,1.500,True,1,4.342,info,False,silent
28.500,10.065,1.500,True,0,,info,False,silent
28.550,10.080,1.500,True,0,,info,False,silent
28.600,10.095,1.500,True,0,,info,False,silent
28.650,10.110,1.500,True,0,,info,False,silent
28.700,10.125,1.500,True,0,,info,False,silent
28.750,10.140,1.500,True,0,,info,False,silent
28.800,10.155,1.500,True,0,,info,False,silent
28.850,10.170,1.500,True,0,,info,False,silent
28.900,10.185,1.500,True,0,,info,False,silent
28.950,10.200,1.500,True,0,,info,False,silent
29.000,10.215,1.500,True,0,,info,False,silent
29.050,10.230,1.500,True,0,,info,False,silent
29.100,10.245,1.500,True,0,,info,False,silent
29.150,10.260,1.500,True,0,,info,False,silent
29.200,10.275,1.500,True,0,,info,False,silent
29.250,10.290,1.500,True,0,,info,False,silent
29.300,10.305,1.500,True,0,,info,False,silent
29.350,10.320,1.500,True,0,,info,False,silent
29.400,10.335,1.500,True,0,,info,False,silent
29.450,10.350,1.500,True,1,4.590,info,False,silent
29.500,10.365,1.500,True,0,,info,False,silent
29.550,10.380,1.500,True,0,,info,False,silent
29.600,10.395,1.500,True,0,,info,False,silent
29.650,10.410,1.500,True,0,,info,False,silent
29.700,10.425,1.500,True,0,,info,False,silent
29.750,10.440,1.500,True,0,,info,False,silent
29.800,10.455,1.500,True,0,,info,False,silent
29.850,10.470,1.500,True,0,,info,False,silent
29.900,10.485,1.500,True,0,,info,False,silent
29.950,10.500,1.500,True,0,,info,False,silent
30.000,10.515,1.500,True,0,,info,False,silent
30.050,10.530,1.500,True,0,,info,False,silent
30.100,10.545,1.500,True,0,,info,False,silent
30.150,10.560,1.500,True,0,,info,False,silent
30.200,10.575,1.500,True,0,,info,False,silent
30.250,10.590,1.500,True,0,,info,False,silent
30.300,10.605,1.500,True,0,,info,False,silent
30.350,10.620,1.500,True,0,,info,False,silent
30.400,10.635,1.500,True,0,,info,False,silent
30.450,10.650,1.500,True,1,4.845,info,False,silent
30.500,10.665,1.500,True,0,,info,False,silent
30.550,10.680,1.500,True,0,,info,False,silent
30.600,10.695,1.500,True,0,,info,False,silent
30.650,10.710,1.500,True,0,,info,False,silent
30.700,10.725,1.500,True,0,,info,False,silent
30.750,10.740,1.500,True,0,,info,False,silent
30.800,10.755,1.500,True,0,,info,False,silent
30.850,10.770,1.500,True,0,,info,False,silent
30.900,10.785,1.500,True,0,,info,False,silent
30.950,10.800,1.500,True,0,,info,False,silent
31.000,10.815,1.500,True,0,,info,False,silent
31.050,10.830,1.500,True,0,,info,False,silent
31.100,10.845,1.500,False,0,,info,False,silent
31.150,10.860,1.500,False,0,,info,False,silent
31.200,10.875,1.500,False,0,,info,False,silent
31.250,10.890,1.500,False,0,,info,False,silent
31.300,10.905,1.500,False,0,,info,False,silent
31.350,10.920,1.500,False,0,,info,False,silent
31.400,10.935,1.500,False,0,,info,False,silent
31.450,10.950,1.500,False,0,,nominal,False,silent
31.500,10.965,1.500,False,0,,nominal,False,silent
31.550,10.980,1.500,False,0,,nominal,False,silent
31.600,10.995,1.500,False,0,,nominal,False,silent
31.650,11.010,1.500,False,0,,nominal,False,silent
31.700,11.025,1.500,False,0,,nominal,False,silent
31.750,11.040,1.500,False,0,,nominal,False,silent
31.800,11.055,1.500,False,0,,nominal,False,silent
31.850,11.070,1.500,False,0,,nominal,False,silent
31.900,11.085,1.500,False,0,,nominal,False,silent
31.950,11.100,1.500,False,0,,nominal,False,silent
32.000,11.115,1.500,False,0,,nominal,False,silent
32.050,11.130,1.500,False,0,,nominal,False,silent
32.100,11.145,1.500,False,0,,nominal,False,silent
32.150,11.160,1.500,False,0,,nominal,False,silent
32.200,11.175,1.500,False,0,,nominal,False,silent
32.250,11.190,1.500,False,0,,nominal,False,silent
32.300,11.205,1.500,False,0,,nominal,False,silent
32.350,11.220,1.500,False,0,,nominal,False,silent
32.400,11.235,1.500,False,0,,nominal,False,silent
32.450,11.250,1.500,False,0,,nominal,False,silent
32.500,11.265,1.500,False,0,,nominal,False,silent
32.550,11.280,1.500,False,0,,nominal,False,silent
32.600,11.295,1.500,False,0,,nominal,False,silent
32.650,11.310,1.500,False,0,,nominal,False,silent
32.700,11.325,1.500,False,0,,nominal,False,silent
32.750,11.340,1.500,False,0,,nominal,False,silent
32.800,11.355,1.500,False,0,,nominal,False,silent
32.850,11.370,1.500,False,0,,nominal,False,silent
32.900,11.385,1.500,False,0,,nominal,False,silent
32.950,11.400,1.500,False,0,,nominal,False,silent
33.000,11.415,1.500,False,0,,nominal,False,silent
33.050,11.430,1.500,False,0,,nominal,False,silent
33.100,11.445,1.500,False,0,,nominal,False,silent
33.150,11.460,1.500,False,0,,nominal,False,silent
33.200,11.475,1.500,False,0,,nominal,False,silent
33.250,11.490,1.500,False,0,,nominal,False,silent
33.300,11.505,1.500,False,0,,nominal,False,silent
33.350,11.520,1.500,False,0,,nominal,False,silent
33.400,11.535,1.500,False,0,,nominal,False,silent
33.450,11.550,1.500,False,0,,nominal,False,silent
33.500,11.565,1.500,False,0,,nominal,False,silent
33.550,11.580,1.500,False,0,,nominal,False,silent
33.600,11.595,1.500,False,0,,nominal,False,silent
33.650,11.610,1.500,False,0,,nominal,False,silent
33.700,11.625,1.500,False,0,,nominal,False,silent
33.750,11.640,1.500,False,0,,nominal,False,silent
33.800,11.655,1.500,False,0,,nominal,False,silent
33.850,11.670,1.500,False,0,,nominal,False,silent
33.900,11.685,1.500,False,0,,nominal,False,silent
33.950,11.700,1.500,False,0,,nominal,False,silent
34.000,11.715,1.500,False,0,,nominal,False,silent
34.050,11.730,1.500,False,0,,nominal,False,silent
34.100,11.745,1.500,False,0,,nominal,False,silent
34.150,11.760,1.500,False,0,,nominal,False,silent
34.200,11.775,1.500,False,0,,nominal,False,silent
34.250,11.790,1.500,False,0,,nominal,False,silent
34.300,11.805,1.500,False,0,,nominal,False,silent
34.350,11.820,1.500,False,0,,nominal,False,silent
34.400,11.835,1.500,False,0,,nominal,False,silent
34.450,11.850,1.500,False,0,,nominal,False,silent
34.500,11.865,1.500,False,0,,nominal,False,silent
34.550,11.880,1.500,False,0,,nominal,False,silent
34.600,11.895,1.500,False,0,,nominal,False,silent
34.650,11.910,1.500,False,0,,nominal,False,silent
34.700,11.925,1.500,False,0,,nominal,False,silent
34.750,11.940,1.500,False,0,,nominal,False,silent
34.800,11.955,1.500,False,0,,nominal,False,silent
34.850,11.970,1.500,False,0,,nominal,False,silent
34.900,11.985,1.500,False,0,,nominal,False,silent
34.950,12.000,1.500,False,0,,nominal,False,silent
35.000,12.015,1.500,False,0,,nominal,False,silent
35.050,12.030,1.500,False,0,,nominal,False,silent
35.100,12.045,1.500,False,0,,nominal,False,silent
35.150,12.060,1.500,False,0,,nominal,False,silent
35.200,12.075,1.500,False,0,,nominal,False,silent
35.250,12.090,1.500,False,0,,nominal,False,silent
35.300,12.105,1.500,False,0,,nominal,False,silent
35.350,12.120,1.500,False,0,,nominal,False,silent
35.400,12.135,1.500,False,0,,nominal,False,silent
35.450,12.150,1.500,False,0,,nominal,False,silent
35.500,12.165,1.500,False,0,,nominal,False,silent
35.550,12.180,1.500,False,0,,nominal,False,silent
35.600,12.195,1.500,False,0,,nominal,False,silent
35.650,12.210,1.500,False,0,,nominal,False,silent
35.700,12.225,1.500,False,0,,nominal,False,silent
35.750,12.240,1.500,False,0,,nominal,False,silent
35.800,12.255,1.500,False,0,,nominal,False,silent
35.850,12.270,1.500,False,0,,nominal,False,silent
35.900,12.285,1.500,False,0,,nominal,False,silent
35.950,12.300,1.500,False,0,,nominal,False,silent
36.000,12.315,1.500,False,0,,nominal,False,silent
36.050,12.330,1.500,False,0,,nominal,False,silent
36.100,12.345,1.500,False,0,,nominal,False,silent
36.150,12.360,1.500,False,0,,nominal,False,silent
36.200,12.375,1.500,False,0,,nominal,False,silent
36.250,12.390,1.500,False,0,,nominal,False,silent
36.300,12.405,1.500,False,0,,nominal,False,silent
36.350,12.420,1.500,False,0,,nominal,False,silent
36.400,12.435,1.500,False,0,,nominal,False,silent
36.450,12.450,1.500,False,0,,nominal,False,silent
36.500,12.465,1.500,False,0,,nominal,False,silent
36.550,12.480,1.500,False,0,,nominal,False,silent
36.600,12.495,1.500,False,0,,nominal,False,silent
36.650,12.510,1.500,False,0,,nominal,False,silent
36.700,12.525,1.500,False,0,,nominal,False,silent
36.750,12.540,1.500,False,0,,nominal,False,silent
36.800,12.555,1.500,False,0,,nominal,False,silent
36.850,12.570,1.500,False,0,,nominal,False,silent
36.900,12.585,1.500,False,0,,nominal,False,silent
36.950,12.600,1.500,False,0,,nominal,False,silent
37.000,12.615,1.500,False,0,,nominal,False,silent
37.050,12.630,1.500,False,0,,nominal,False,silent
37.100,12.645,1.500,False,0,,nominal,False,silent
37.150,12.660,1.500,False,0,,nominal,False,silent
37.200,12.675,1.500,False,0,,nominal,False,silent
37.250,12.690,1.500,False,0,,nominal,False,silent
37.300,12.705,1.500,False,0,,nominal,False,silent
37.350,12.706,1.515,False,0,,nominal,False,silent
37.400,12.706,1.530,False,0,,nominal,False,silent
37.450,12.707,1.545,False,0,,nominal,False,silent
37.500,12.708,1.560,False,0,,nominal,False,silent
37.550,12.708,1.575,False,0,,nominal,False,silent
37.600,12.709,1.590,False,0,,nominal,False,silent
37.650,12.710,1.605,False,0,,nominal,False,silent
37.700,12.710,1.620,False,0,,nominal,False,silent
37.750,12.711,1.635,False,0,,nominal,False,silent
37.800,12.712,1.650,False,0,,nominal,False,silent
37.850,12.712,1.665,False,0,,nominal,False,silent
37.900,12.713,1.680,False,0,,nominal,False,silent
37.950,12.714,1.695,False,0,,nominal,False,silent
38.000,12.715,1.710,False,0,,nominal,False,silent
38.050,12.715,1.725,False,0,,nominal,False,silent
38.100,12.716,1.740,False,0,,nominal,False,silent
38.150,12.717,1.755,False,0,,nominal,False,silent
38.200,12.717,1.770,False,0,,nominal,False,silent
38.250,12.718,1.785,False,0,,nominal,False,silent
38.300,12.719,1.800,False,0,,nominal,False,silent
38.350,12.719,1.815,False,0,,nominal,False,silent
38.400,12.720,1.830,False,0,,nominal,False,silent
38.450,12.721,1.845,False,0,,nominal,False,silent
38.500,12.721,1.860,False,0,,nominal,False,silent
38.550,12.722,1.875,False,0,,nominal,False,silent
38.600,12.723,1.890,False,0,,nominal,False,silent
38.650,12.723,1.905,False,0,,nominal,False,silent
38.700,12.724,1.920,False,0,,nominal,False,silent
38.750,12.725,1.935,False,0,,nominal,False,silent
38.800,12.725,1.950,False,0,,nominal,False,silent
38.850,12.726,1.965,False,0,,nominal,False,silent
38.900,12.727,1.980,False,0,,nominal,False,silent
38.950,12.727,1.994,False,0,,nominal,False,silent
39.000,12.728,2.009,False,0,,nominal,False,silent
39.050,12.729,2.024,False,0,,nominal,False,silent
39.100,12.729,2.039,False,0,,nominal,False,silent
39.150,12.730,2.054,False,0,,nominal,False,silent
39.200,12.731,2.069,False,0,,nominal,False,silent
39.250,12.732,2.084,False,0,,nominal,False,silent
39.300,12.732,2.099,False,0,,nominal,False,silent
39.350,12.733,2.114,False,0,,nominal,False,silent
39.400,12.734,2.129,False,0,,nominal,False,silent
39.450,12.734,2.144,False,0,,nominal,False,silent
39.500,12.735,2.159,False,0,,nominal,False,silent
39.550,12.736,2.174,False,0,,nominal,False,silent
39.600,12.736,2.189,False,0,,nominal,False,silent
39.650,12.737,2.204,False,0,,nominal,False,silent
39.700,12.738,2.219,False,0,,nominal,False,silent
39.750,12.738,2.234,False,0,,nominal,False,silent
39.800,12.739,2.249,False,0,,nominal,False,silent
39.850,12.740,2.264,False,0,,nominal,False,silent
39.900,12.740,2.279,False,0,,nominal,False,silent
39.950,12.741,2.294,False,0,,nominal,False,silent
40.000,12.742,2.309,False,0,,nominal,False,silent
40.050,12.742,2.324,False,0,,nominal,False,silent
40.100,12.743,2.339,False,0,,nominal,False,silent
40.150,12.744,2.354,False,0,,nominal,False,silent
40.200,12.744,2.369,False,0,,nominal,False,silent
40.250,12.745,2.384,False,0,,nominal,False,silent
40.300,12.746,2.399,False,0,,nominal,False,silent
40.350,12.746,2.414,False,0,,nominal,False,silent
40.400,12.747,2.429,False,0,,nominal,False,silent
40.450,12.748,2.444,False,0,,nominal,False,silent
40.500,12.749,2.459,False,0,,nominal,False,silent
40.550,12.749,2.474,False,0,,nominal,False,silent
40.600,12.750,2.489,False,0,,nominal,False,silent
40.650,12.751,2.504,False,0,,nominal,False,silent
40.700,12.751,2.519,False,0,,nominal,False,silent
40.750,12.752,2.534,False,0,,nominal,False,silent
40.800,12.753,2.549,False,0,,nominal,False,silent
40.850,12.753,2.564,False,0,,nominal,False,silent
40.900,12.754,2.579,False,0,,nominal,False,silent
40.950,12.755,2.594,False,0,,nominal,False,silent
41.000,12.755,2.609,False,0,,nominal,False,silent
41.050,12.756,2.624,False,0,,nominal,False,silent
41.100,12.757,2.639,False,0,,nominal,False,silent
41.150,12.757,2.654,False,0,,nominal,False,silent
41.200,12.758,2.669,False,0,,nominal,False,silent
41.250,12.759,2.684,False,0,,nominal,False,silent
41.300,12.759,2.699,False,0,,nominal,False,silent
41.350,12.760,2.714,False,0,,nominal,False,silent
41.400,12.761,2.729,False,0,,nominal,False,silent
41.450,12.761,2.744,False,0,,nominal,False,silent
41.500,12.762,2.759,False,0,,nominal,False,silent
41.550,12.763,2.774,False,0,,nominal,False,silent
41.600,12.763,2.789,False,0,,nominal,False,silent
41.650,12.764,2.804,False,0,,nominal,False,silent
41.700,12.765,2.819,False,0,,nominal,False,silent
41.750,12.766,2.834,True,1,4.989,info,False,silent
41.800,12.766,2.849,True,0,,info,False,silent
41.850,12.767,2.864,True,0,,info,False,silent
41.900,12.768,2.879,True,0,,info,False,silent
41.950,12.768,2.894,True,0,,info,False,silent
42.000,12.769,2.909,True,0,,info,False,silent
42.050,12.770,2.924,True,0,,info,False,silent
42.100,12.770,2.939,True,0,,info,False,silent
42.150,12.771,2.954,True,0,,info,False,silent
42.200,12.772,2.968,True,0,,info,False,silent
42.250,12.772,2.983,True,0,,info,False,silent
42.300,12.773,2.998,True,0,,info,False,silent
42.350,12.774,3.013,True,0,,info,False,silent
42.400,12.774,3.028,True,0,,info,False,silent
42.450,12.775,3.043,True,0,,info,False,silent
42.500,12.776,3.058,True,0,,info,False,silent
42.550,12.776,3.073,True,0,,info,False,silent
42.600,12.777,3.088,True,0,,info,False,silent
42.650,12.778,3.103,True,0,,info,False,silent
42.700,12.778,3.118,True,0,,info,False,silent
42.750,12.779,3.133,True,0,,info,False,silent
42.800,12.780,3.148,True,1,4.702,info,False,silent
42.850,12.780,3.163,True,0,,info,False,silent
42.900,12.781,3.178,True,0,,info,False,silent
42.950,12.782,3.193,True,0,,info,False,silent
43.000,12.783,3.208,True,0,,info,False,silent
43.050,12.783,3.223,True,0,,info,False,silent
43.100,12.784,3.238,True,0,,info,False,silent
43.150,12.785,3.253,True,0,,info,False,silent
43.200,12.785,3.268,True,0,,info,False,silent
43.250,12.786,3.283,True,0,,info,False,silent
43.300,12.787,3.298,True,0,,info,False,silent
43.350,12.787,3.313,True,0,,info,False,silent
43.400,12.788,3.328,True,0,,info,False,silent
43.450,12.789,3.343,True,0,,info,False,silent
43.500,12.789,3.358,True,0,,info,False,silent
43.550,12.790,3.373,True,0,,info,False,silent
43.600,12.791,3.388,True,0,,info,False,silent
43.650,12.791,3.403,True,0,,info,False,silent
43.700,12.792,3.418,True,0,,info,False,silent
43.750,12.793,3.433,True,0,,info,False,silent
43.800,12.793,3.448,True,0,,info,False,silent
43.850,12.794,3.463,True,1,4.418,info,False,silent
43.900,12.795,3.478,True,0,,info,False,silent
43.950,12.795,3.493,True,0,,info,False,silent
44.000,12.796,3.508,True,0,,info,False,silent
44.050,12.797,3.523,True,0,,info,False,silent
44.100,12.797,3.538,True,0,,info,False,silent
44.150,12.798,3.553,True,0,,info,False,silent
44.200,12.799,3.568,True,0,,info,False,silent
44.250,12.800,3.583,True,0,,info,False,silent
44.300,12.800,3.598,True,0,,info,False,silent
44.350,12.801,3.613,True,0,,info,False,silent
44.400,12.802,3.628,True,0,,info,False,silent
44.450,12.802,3.643,True,0,,info,False,silent
44.500,12.803,3.658,True,0,,info,False,silent
44.550,12.804,3.673,True,0,,info,False,silent
44.600,12.804,3.688,True,0,,info,False,silent
44.650,12.805,3.703,True,0,,info,False,silent
44.700,12.806,3.718,True,0,,info,False,silent
44.750,12.806,3.733,True,0,,info,False,silent
44.800,12.807,3.748,True,0,,info,False,silent
44.850,12.808,3.763,True,0,,info,False,silent
44.900,12.808,3.778,True,1,4.138,info,False,silent
44.950,12.809,3.793,True,0,,info,False,silent
45.000,12.810,3.808,True,0,,info,False,silent
45.050,12.810,3.823,True,0,,info,False,silent
45.100,12.811,3.838,True,0,,info,False,silent
45.150,12.812,3.853,True,0,,info,False,silent
45.200,12.812,3.868,True,0,,info,False,silent
45.250,12.813,3.883,True,0,,info,False,silent
45.300,12.814,3.898,True,0,,info,False,silent
45.350,12.814,3.913,True,0,,info,False,silent
45.400,12.815,3.928,True,0,,info,False,silent
45.450,12.816,3.942,True,0,,info,False,silent
45.500,12.817,3.957,True,0,,info,False,silent
45.550,12.817,3.972,True,0,,info,False,silent
45.600,12.818,3.987,True,0,,info,False,silent
45.650,12.819,4.002,True,0,,info,False,silent
45.700,12.819,4.017,True,0,,info,False,silent
45.750,12.820,4.032,True,0,,info,False,silent
45.800,12.821,4.047,True,0,,info,False,silent
45.850,12.821,4.062,True,0,,info,False,silent
45.900,12.822,4.077,True,0,,info,False,silent
45.950,12.823,4.092,True,1,3.864,warning,False,silent
46.000,12.823,4.107,True,0,,warning,False,silent
46.050,12.824,4.122,True,0,,warning,False,silent
46.100,12.825,4.137,True,0,,warning,False,silent
46.150,12.825,4.152,True,0,,warning,False,silent
46.200,12.826,4.167,True,0,,warning,False,silent
46.250,12.827,4.182,True,0,,warning,False,silent
46.300,12.827,4.197,True,0,,warning,False,silent
46.350,12.828,4.212,True,0,,warning,False,silent
46.400,12.829,4.227,True,0,,warning,False,silent
46.450,12.829,4.242,True,0,,warning,False,silent
46.500,12.830,4.257,True,0,,warning,False,silent
46.550,12.831,4.272,True,0,,warning,False,silent
46.600,12.831,4.287,True,0,,warning,False,silent
46.650,12.832,4.302,True,0,,warning,False,silent
46.700,12.833,4.317,True,0,,warning,False,silent
46.750,12.834,4.332,True,0,,warning,False,silent
46.800,12.834,4.347,True,0,,warning,False,silent
46.850,12.835,4.362,True,0,,warning,False,silent
46.900,12.836,4.377,True,0,,warning,False,silent
46.950,12.836,4.392,True,0,,warning,False,silent
47.000,12.837,4.407,True,1,3.597,warning,False,silent
47.050,12.838,4.422,True,0,,warning,False,silent
47.100,12.838,4.437,True,0,,warning,False,silent
47.150,12.839,4.452,True,0,,warning,False,silent
47.200,12.840,4.467,True,0,,warning,False,silent
47.250,12.840,4.482,True,0,,warning,False,silent
47.300,12.841,4.497,True,0,,warning,False,silent
47.350,12.842,4.512,True,0,,warning,False,silent
47.400,12.842,4.527,True,0,,warning,False,silent
47.450,12.843,4.542,True,0,,warning,False,silent
47.500,12.844,4.557,True,0,,warning,False,silent
47.550,12.844,4.572,True,0,,warning,False,silent
47.600,12.845,4.587,True,0,,warning,False,silent
47.650,12.846,4.602,True,0,,warning,False,silent
47.700,12.846,4.617,True,0,,warning,False,silent
47.750,12.847,4.632,True,0,,warning,False,silent
47.800,12.848,4.647,True,0,,warning,False,silent
47.850,12.848,4.662,True,0,,warning,False,silent
47.900,12.849,4.677,True,0,,warning,False,silent
47.950,12.850,4.692,True,0,,warning,False,silent
48.000,12.851,4.707,True,0,,warning,False,silent
48.050,12.851,4.722,True,1,3.339,warning,False,silent
48.100,12.852,4.737,True,0,,warning,False,silent
48.150,12.853,4.752,True,0,,warning,False,silent
48.200,12.853,4.767,True,0,,warning,False,silent
48.250,12.854,4.782,True,0,,warning,False,silent
48.300,12.855,4.797,True,0,,warning,False,silent
48.350,12.855,4.812,True,0,,warning,False,silent
48.400,12.856,4.827,True,0,,warning,False,silent
48.450,12.857,4.842,True,0,,warning,False,silent
48.500,12.857,4.857,True,0,,warning,False,silent
48.550,12.858,4.872,True,0,,warning,False,silent
48.600,12.859,4.887,True,0,,warning,False,silent
48.650,12.859,4.901,True,0,,warning,False,silent
48.700,12.860,4.916,True,0,,warning,False,silent
48.750,12.861,4.931,True,0,,warning,False,silent
48.800,12.861,4.946,True,0,,warning,False,silent
48.850,12.862,4.961,True,0,,warning,False,silent
48.900,12.863,4.976,True,0,,warning,False,silent
48.950,12.863,4.991,True,0,,warning,False,silent
49.000,12.864,5.006,True,0,,warning,False,silent
49.050,12.865,5.021,True,0,,warning,False,silent
49.100,12.865,5.036,True,1,3.090,warning,False,silent
49.150,12.866,5.051,True,0,,warning,False,silent
49.200,12.867,5.066,True,0,,warning,False,silent
49.250,12.868,5.081,True,0,,warning,False,silent
49.300,12.868,5.096,True,0,,warning,False,silent
49.350,12.869,5.111,True,0,,warning,False,silent
49.400,12.870,5.126,True,0,,warning,False,silent
49.450,12.870,5.141,True,0,,warning,False,silent
49.500,12.871,5.156,True,0,,warning,False,silent
49.550,12.872,5.171,True,0,,warning,False,silent
49.600,12.872,5.186,True,0,,warning,False,silent
49.650,12.873,5.201,True,0,,warning,False,silent
49.700,12.874,5.216,True,0,,warning,False,silent
49.750,12.874,5.231,True,0,,warning,False,silent
49.800,12.875,5.246,True,0,,warning,False,silent
49.850,12.876,5.261,True,0,,warning,False,silent
49.900,12.876,5.276,True,0,,warning,False,silent
49.950,12.877,5.291,True,0,,warning,False,silent
50.000,12.878,5.306,True,0,,warning,False,silent
50.050,12.878,5.321,True,0,,warning,False,silent
50.100,12.879,5.336,True,0,,warning,False,silent
50.150,12.880,5.351,True,1,2.855,warning,False,silent
50.200,12.880,5.366,True,0,,warning,False,silent
50.250,12.881,5.381,True,0,,warning,False,silent
50.300,12.882,5.396,True,0,,warning,False,silent
50.350,12.882,5.411,True,0,,warning,False,silent
50.400,12.883,5.426,True,0,,warning,False,silent
50.450,12.884,5.441,False,0,,warning,False,silent
50.500,12.885,5.456,False,0,,warning,False,silent
50.550,12.885,5.471,False,0,,warning,False,silent
50.600,12.886,5.486,False,0,,warning,False,silent
50.650,12.887,5.501,False,0,,warning,False,silent
50.700,12.887,5.516,False,0,,warning,False,silent
50.750,12.888,5.531,False,0,,warning,False,silent
50.800,12.889,5.546,False,0,,warning,False,silent
50.850,12.889,5.561,False,0,,warning,False,silent
50.900,12.890,5.576,False,0,,warning,False,silent
50.950,12.891,5.591,False,0,,warning,False,silent
51.000,12.891,5.606,False,0,,warning,False,silent
51.050,12.892,5.621,False,0,,warning,False,silent
51.100,12.893,5.636,False,0,,warning,False,silent
51.150,12.893,5.651,False,0,,warning,False,silent
51.200,12.894,5.666,False,0,,nominal,False,silent
51.250,12.895,5.681,False,0,,nominal,False,silent
51.300,12.895,5.696,False,0,,nominal,False,silent
51.350,12.896,5.711,False,0,,nominal,False,silent
51.400,12.897,5.726,False,0,,nominal,False,silent
51.450,12.897,5.741,False,0,,nominal,False,silent
51.500,12.898,5.756,False,0,,nominal,False,silent
51.550,12.899,5.771,False,0,,nominal,False,silent
51.600,12.899,5.786,False,0,,nominal,False,silent
51.650,12.900,5.801,False,0,,nominal,False,silent
51.700,12.901,5.816,False,0,,nominal,False,silent
51.750,12.902,5.831,False,0,,nominal,False,silent
51.800,12.902,5.846,False,0,,nominal,False,silent
51.850,12.903,5.861,False,0,,nominal,False,silent
51.900,12.904,5.875,False,0,,nominal,False,silent
51.950,12.904,5.890,False,0,,nominal,False,silent
52.000,12.905,5.905,False,0,,nominal,False,silent
52.050,12.906,5.920,False,0,,nominal,False,silent
52.100,12.906,5.935,False,0,,nominal,False,silent
52.150,12.907,5.950,False,0,,nominal,False,silent
52.200,12.908,5.965,False,0,,nominal,False,silent
52.250,12.908,5.980,False,0,,nominal,False,silent
52.300,12.909,5.995,False,0,,nominal,False,silent
52.350,12.910,6.010,False,0,,nominal,False,silent
52.400,12.910,6.025,False,0,,nominal,False,silent
52.450,12.911,6.040,False,0,,nominal,False,silent
52.500,12.912,6.055,False,0,,nominal,False,silent
52.550,12.912,6.070,False,0,,nominal,False,silent
52.600,12.913,6.085,False,0,,nominal,False,silent
52.650,12.914,6.100,False,0,,nominal,False,silent
52.700,12.914,6.115,False,0,,nominal,False,silent
52.750,12.915,6.130,False,0,,nominal,False,silent
52.800,12.916,6.145,False,0,,nominal,False,silent
52.850,12.917,6.160,False,0,,nominal,False,silent
52.900,12.917,6.175,False,0,,nominal,False,silent
52.950,12.918,6.190,False,0,,nominal,False,silent
53.000,12.919,6.205,False,0,,nominal,False,silent
53.050,12.919,6.220,False,0,,nominal,False,silent
53.100,12.920,6.235,False,0,,nominal,False,silent
53.150,12.921,6.250,False,0,,nominal,False,silent
53.200,12.921,6.265,False,0,,nominal,False,silent
53.250,12.922,6.280,False,0,,nominal,False,silent
53.300,12.923,6.295,False,0,,nominal,False,silent
53.350,12.923,6.310,False,0,,nominal,False,silent
53.400,12.924,6.325,False,0,,nominal,False,silent
53.450,12.925,6.340,False,0,,nominal,False,silent
53.500,12.925,6.355,False,0,,nominal,False,silent
53.550,12.926,6.370,False,0,,nominal,False,silent
53.600,12.927,6.385,False,0,,nominal,False,silent
53.650,12.927,6.400,False,0,,nominal,False,silent
53.700,12.928,6.415,False,0,,nominal,False,silent
53.750,12.929,6.430,False,0,,nominal,False,silent
53.800,12.929,6.445,False,0,,nominal,False,silent
53.850,12.930,6.460,False,0,,nominal,False,silent
53.900,12.931,6.475,False,0,,nominal,False,silent
53.950,12.931,6.490,False,0,,nominal,False,silent
54.000,12.932,6.505,False,0,,nominal,False,silent
54.050,12.933,6.520,False,0,,nominal,False,silent
54.100,12.934,6.535,False,0,,nominal,False,silent
54.150,12.934,6.550,False,0,,nominal,False,silent
54.200,12.935,6.565,False,0,,nominal,False,silent
54.250,12.936,6.580,False,0,,nominal,False,silent
54.300,12.936,6.595,False,0,,nominal,False,silent
54.350,12.937,6.610,False,0,,nominal,False,silent
54.400,12.938,6.625,False,0,,nominal,False,silent
54.450,12.938,6.640,False,0,,nominal,False,silent
54.500,12.939,6.655,False,0,,nominal,False,silent
54.550,12.940,6.670,False,0,,nominal,False,silent
54.600,12.940,6.685,False,0,,nominal,False,silent
54.650,12.941,6.700,False,0,,nominal,False,silent
54.700,12.942,6.715,False,0,,nominal,False,silent
54.750,12.942,6.730,False,0,,nominal,False,silent
54.800,12.943,6.745,False,0,,nominal,False,silent
54.850,12.944,6.760,False,0,,nominal,False,silent
54.900,12.944,6.775,False,0,,nominal,False,silent
54.950,12.945,6.790,False,0,,nominal,False,silent
55.000,12.946,6.805,False,0,,nominal,False,silent
55.050,12.946,6.820,False,0,,nominal,False,silent
55.100,12.947,6.835,False,0,,nominal,False,silent
55.150,12.948,6.849,False,0,,nominal,False,silent
55.200,12.948,6.864,False,0,,nominal,False,silent
55.250,12.949,6.879,False,0,,nominal,False,silent
55.300,12.950,6.894,False,0,,nominal,False,silent
55.350,12.951,6.909,False,0,,nominal,False,silent
55.400,12.951,6.924,False,0,,nominal,False,silent
55.450,12.952,6.939,False,0,,nominal,False,silent
55.500,12.953,6.954,False,0,,nominal,False,silent
55.550,12.953,6.969,False,0,,nominal,False,silent
55.600,12.954,6.984,False,0,,nominal,False,silent
55.650,12.955,6.999,False,0,,nominal,False,silent
55.700,12.955,7.014,False,0,,nominal,False,silent
55.750,12.956,7.029,False,0,,nominal,False,silent
55.800,12.957,7.044,False,0,,nominal,False,silent
55.850,12.957,7.059,False,0,,nominal,False,silent
55.900,12.958,7.074,False,0,,nominal,False,silent
55.950,12.959,7.089,False,0,,nominal,False,silent
56.000,12.959,7.104,False,0,,nominal,False,silent
56.050,12.960,7.119,False,0,,nominal,False,silent
56.100,12.961,7.134,False,0,,nominal,False,silent
56.150,12.961,7.149,False,0,,nominal,False,silent
56.200,12.962,7.164,False,0,,nominal,False,silent
56.250,12.963,7.179,False,0,,nominal,False,silent
56.300,12.963,7.194,False,0,,nominal,False,silent
56.350,12.964,7.209,False,0,,nominal,False,silent
56.400,12.965,7.224,False,0,,nominal,False,silent
56.450,12.965,7.239,False,0,,nominal,False,silent
56.500,12.966,7.254,False,0,,nominal,False,silent
56.550,12.967,7.269,False,0,,nominal,False,silent
56.600,12.968,7.284,False,0,,nominal,False,silent
56.650,12.968,7.299,False,0,,nominal,False,silent
56.700,12.969,7.314,False,0,,nominal,False,silent
56.750,12.970,7.329,False,0,,nominal,False,silent
56.800,12.970,7.344,False,0,,nominal,False,silent
56.850,12.971,7.359,False,0,,nominal,False,silent
56.900,12.972,7.374,False,0,,nominal,False,silent
56.950,12.972,7.389,False,0,,nominal,False,silent
57.000,12.973,7.404,False,0,,nominal,False,silent
57.050,12.974,7.419,False,0,,nominal,False,silent
57.100,12.974,7.434,False,0,,nominal,False,silent
57.150,12.975,7.449,False,0,,nominal,False,silent
57.200,12.976,7.464,False,0,,nominal,False,silent
57.250,12.976,7.479,False,0,,nominal,False,silent
57.300,12.977,7.494,False,0,,nominal,False,silent
57.350,12.978,7.509,False,0,,nominal,False,silent
57.400,12.978,7.524,False,0,,nominal,False,silent
57.450,12.979,7.539,False,0,,nominal,False,silent
57.500,12.980,7.554,False,0,,nominal,False,silent
57.550,12.980,7.569,False,0,,nominal,False,silent
57.600,12.981,7.584,False,0,,nominal,False,silent
57.650,12.982,7.599,False,0,,nominal,False,silent
57.700,12.982,7.614,False,0,,nominal,False,silent
57.750,12.983,7.629,False,0,,nominal,False,silent
57.800,12.984,7.644,False,0,,nominal,False,silent
57.850,12.985,7.659,False,0,,nominal,False,silent
57.900,12.985,7.674,False,0,,nominal,False,silent
57.950,12.986,7.689,False,0,,nominal,False,silent
58.000,12.987,7.704,False,0,,nominal,False,silent
58.050,12.972,7.704,True,1,1.982,danger,True,alarm_on
58.100,12.957,7.705,True,0,,danger,True,alarm_active
58.150,12.942,7.706,True,0,,danger,True,alarm_active
58.200,12.927,7.707,True,0,,danger,True,alarm_active
58.250,12.912,7.707,True,0,,danger,True,alarm_active
58.300,12.897,7.708,True,0,,danger,True,alarm_active
58.350,12.882,7.709,True,0,,danger,True,alarm_active
58.400,12.867,7.710,True,0,,danger,True,alarm_active
58.450,12.852,7.710,True,0,,danger,True,alarm_active
58.500,12.837,7.711,True,0,,danger,True,alarm_active
58.550,12.822,7.712,True,0,,danger,True,alarm_active
58.600,12.807,7.713,True,0,,danger,True,alarm_active
58.650,12.792,7.713,True,0,,danger,True,alarm_active
58.700,12.777,7.714,True,0,,danger,True,alarm_active
58.750,12.762,7.715,True,0,,danger,True,alarm_active
58.800,12.747,7.715,True,0,,danger,True,alarm_active
58.850,12.732,7.716,True,0,,danger,True,alarm_active
58.900,12.717,7.717,True,0,,danger,True,alarm_active
58.950,12.702,7.718,True,0,,danger,True,alarm_active
59.000,12.687,7.718,True,0,,danger,True,alarm_active
59.050,12.672,7.719,True,0,,danger,True,alarm_active
59.100,12.657,7.720,True,1,1.671,danger,True,alarm_active
59.150,12.642,7.721,True,0,,danger,True,alarm_active
59.200,12.627,7.721,True,0,,danger,True,alarm_active
59.250,12.612,7.722,True,0,,danger,True,alarm_active
59.300,12.597,7.723,True,0,,danger,True,alarm_active
59.350,12.582,7.724,True,0,,danger,True,alarm_active
59.400,12.567,7.724,True,0,,danger,True,alarm_active
59.450,12.552,7.725,True,0,,danger,True,alarm_active
59.500,12.537,7.726,True,0,,danger,True,alarm_active
59.550,12.522,7.727,True,0,,danger,True,alarm_active
59.600,12.507,7.727,True,0,,danger,True,alarm_active
59.650,12.492,7.728,True,0,,danger,True,alarm_active
59.700,12.477,7.729,True,0,,danger,True,alarm_active
59.750,12.462,7.730,True,0,,danger,True,alarm_active
59.800,12.447,7.730,True,0,,danger,True,alarm_active
59.850,12.432,7.731,True,0,,danger,True,alarm_active
59.900,12.417,7.732,True,0,,danger,True,alarm_active
59.950,12.402,7.733,True,0,,danger,True,alarm_active
60.000,12.387,7.733,True,0,,danger,True,alarm_active
